strain,system,nspecies,rep,cfu
DW039,s3000000,1,1,4063670.412
DW039,s3000000,1,2,4000000
DW039,s3000000,1,3,3208333.333
DW039,s3000000,1,4,3562340.967
DW039,s3000000,1,5,4141414.141
DW039,s3000000,1,6,3025362.319
DW039,s3000000,1,7,3435897.436
DW039,s3000000,1,8,3921568.627
DW039,s3000000,1,9,3050314.465
DW039,s3600000,2,1,3895582.329
DW039,s3600000,2,2,3843137.255
DW039,s3600000,2,3,3479166.667
DW039,s3600000,2,4,3036303.63
DW039,s3600000,2,5,3734061.931
DW039,s3600000,2,6,3367697.595
DW039,s3010000,2,1,3995859.213
DW039,s3010000,2,2,4783427.495
DW039,s3010000,2,3,4400000
DW039,s3010000,2,4,3973727.422
DW039,s3010000,2,5,4204892.966
DW039,s3010000,2,6,3582966.226
DW039,s3002000,2,1,174814.8148
DW039,s3002000,2,2,1063063.063
DW039,s3002000,2,3,1410256.41
DW039,s3002000,2,4,666666.6667
DW039,s3002000,2,5,473684.2105
DW039,s3002000,2,6,911949.6855
DW039,s3000400,2,1,1525423.729
DW039,s3000400,2,2,1644736.842
DW039,s3000400,2,3,1549549.55
DW039,s3000400,2,4,595238.0952
DW039,s3000400,2,5,490196.0784
DW039,s3000400,2,6,421052.6316
DW039,s3000070,2,1,2005649.718
DW039,s3000070,2,2,2260726.073
DW039,s3000070,2,3,1651785.714
DW039,s3000070,2,4,3181818.182
DW039,s3000070,2,5,3383333.333
DW039,s3000070,2,6,2500000
DW039,s3000005,2,1,4638447.972
DW039,s3000005,2,2,4759259.259
DW039,s3000005,2,3,4285714.286
DW039,s3000005,2,4,3924050.633
DW039,s3000005,2,5,3701842.546
DW039,s3000005,2,6,4108187.135
DW039,s3610000,3,1,4154589.372
DW039,s3610000,3,2,4031007.752
DW039,s3610000,3,3,4878472.222
DW039,s3610000,3,4,5026178.01
DW039,s3610000,3,5,4119496.855
DW039,s3602000,3,1,1785216.179
DW039,s3602000,3,2,1393298.06
DW039,s3602000,3,3,1988304.094
DW039,s3602000,3,4,1689922.481
DW039,s3602000,3,5,1517615.176
DW039,s3600400,3,1,937950.938
DW039,s3600400,3,2,937500
DW039,s3600400,3,3,904522.6131
DW039,s3600400,3,4,821705.4264
DW039,s3600400,3,5,1159420.29
DW039,s3600070,3,1,2130013.831
DW039,s3600070,3,2,2074468.085
DW039,s3600070,3,3,1759656.652
DW039,s3600070,3,4,2106060.606
DW039,s3600070,3,5,1819819.82
DW039,s3600005,3,1,2843137.255
DW039,s3600005,3,2,2980599.647
DW039,s3600005,3,3,2288786.482
DW039,s3600005,3,4,2710437.71
DW039,s3600005,3,5,2385466.035
DW039,s3012000,3,1,1105691.057
DW039,s3012000,3,2,855263.1579
DW039,s3012000,3,3,1072607.261
DW039,s3012000,3,4,1194029.851
DW039,s3012000,3,5,867850.0986
DW039,s3010400,3,1,888888.8889
DW039,s3010400,3,2,626057.5296
DW039,s3010400,3,3,993589.7436
DW039,s3010400,3,4,956521.7391
DW039,s3010400,3,5,710900.4739
DW039,s3010070,3,1,2021116.139
DW039,s3010070,3,2,2145833.333
DW039,s3010070,3,3,2328548.644
DW039,s3010070,3,4,2238562.092
DW039,s3010070,3,5,1971830.986
DW039,s3010005,3,1,5778816.199
DW039,s3010005,3,2,4779116.466
DW039,s3010005,3,3,5093632.959
DW039,s3010005,3,4,4455128.205
DW039,s3010005,3,5,4692737.43
DW039,s3002400,3,1,602836.8794
DW039,s3002400,3,2,479041.9162
DW039,s3002400,3,3,529914.5299
DW039,s3002400,3,4,689013.0354
DW039,s3002400,3,5,564663.0237
DW039,s3002070,3,1,356125.3561
DW039,s3002070,3,2,910569.1057
DW039,s3002070,3,3,592592.5926
DW039,s3002070,3,4,610328.6385
DW039,s3002070,3,5,620490.6205
DW039,s3002005,3,1,2310405.644
DW039,s3002005,3,2,2457142.857
DW039,s3002005,3,3,2373472.949
DW039,s3002005,3,4,2620232.172
DW039,s3002005,3,5,2059259.259
DW039,s3000470,3,1,243589.7436
DW039,s3000470,3,2,376068.3761
DW039,s3000470,3,3,190895.7416
DW039,s3000470,3,4,514096.1857
DW039,s3000470,3,5,545454.5455
DW039,s3000405,3,1,1323024.055
DW039,s3000405,3,2,1191709.845
DW039,s3000405,3,3,1359867.33
DW039,s3000405,3,4,1040650.407
DW039,s3000405,3,5,1486697.966
DW039,s3000075,3,1,2891737.892
DW039,s3000075,3,2,2692939.245
DW039,s3000075,3,3,2997311.828
DW039,s3000075,3,4,3023255.814
DW039,s3000075,3,5,2769485.904
DW039,s3612000,4,1,1286821.705
DW039,s3612000,4,2,1647727.273
DW039,s3612000,4,3,1976047.904
DW039,s3612000,4,4,1570512.821
DW039,s3612000,4,5,1572649.573
DW039,s3610400,4,1,648567.1192
DW039,s3610400,4,2,869565.2174
DW039,s3610400,4,3,1016666.667
DW039,s3610400,4,4,759689.9225
DW039,s3610400,4,5,929824.5614
DW039,s3610070,4,1,3821138.211
DW039,s3610070,4,2,3551912.568
DW039,s3610070,4,3,3239436.62
DW039,s3610070,4,4,1273584.906
DW039,s3610070,4,5,2087378.641
DW039,s3610005,4,1,5555555.556
DW039,s3610005,4,2,6279926.335
DW039,s3610005,4,3,4192592.593
DW039,s3610005,4,4,5248618.785
DW039,s3610005,4,5,5679702.048
DW039,s3602400,4,1,1122278.057
DW039,s3602400,4,2,855855.8559
DW039,s3602400,4,3,1162790.698
DW039,s3602400,4,4,909090.9091
DW039,s3602400,4,5,793650.7937
DW039,s3602070,4,1,1021505.376
DW039,s3602070,4,2,862354.8922
DW039,s3602070,4,3,628930.8176
DW039,s3602070,4,4,862573.0994
DW039,s3602070,4,5,728682.1705
DW039,s3602005,4,1,1638418.079
DW039,s3602005,4,2,2329931.973
DW039,s3602005,4,3,1292134.831
DW039,s3602005,4,4,2136279.926
DW039,s3602005,4,5,2239858.907
DW039,s3600470,4,1,917874.3961
DW039,s3600470,4,2,763888.8889
DW039,s3600470,4,3,696517.4129
DW039,s3600470,4,4,781250
DW039,s3600470,4,5,1010638.298
DW039,s3600405,4,1,1374570.447
DW039,s3600405,4,2,1751700.68
DW039,s3600405,4,3,2245989.305
DW039,s3600405,4,4,1414141.414
DW039,s3600405,4,5,1734693.878
DW039,s3600075,4,1,3721264.368
DW039,s3600075,4,2,5526315.789
DW039,s3600075,4,3,4400656.814
DW039,s3600075,4,4,2714932.127
DW039,s3600075,4,5,3069767.442
DW039,s3012400,4,1,1597222.222
DW039,s3012400,4,2,1505376.344
DW039,s3012400,4,3,975609.7561
DW039,s3012400,4,4,1303630.363
DW039,s3012400,4,5,1058201.058
DW039,s3012070,4,1,1005291.005
DW039,s3012070,4,2,588235.2941
DW039,s3012070,4,3,1040843.215
DW039,s3012070,4,4,964912.2807
DW039,s3012070,4,5,784313.7255
DW039,s3012005,4,1,2721088.435
DW039,s3012005,4,2,3421516.755
DW039,s3012005,4,3,2333333.333
DW039,s3012005,4,4,2587301.587
DW039,s3012005,4,5,2652329.749
DW039,s3010470,4,1,1141804.788
DW039,s3010470,4,2,820244.3281
DW039,s3010470,4,3,1102464.332
DW039,s3010470,4,4,1308900.524
DW039,s3010470,4,5,812603.6484
DW039,s3010405,4,1,1735395.189
DW039,s3010405,4,2,1544342.508
DW039,s3010405,4,3,1354838.71
DW039,s3010405,4,4,1343283.582
DW039,s3010405,4,5,1778846.154
DW039,s3010075,4,1,4857142.857
DW039,s3010075,4,2,6503267.974
DW039,s3010075,4,3,6469622.332
DW039,s3010075,4,4,3112164.297
DW039,s3010075,4,5,2731707.317
DW039,s3002470,4,1,900473.9336
DW039,s3002470,4,2,570570.5706
DW039,s3002470,4,3,462184.8739
DW039,s3002470,4,4,837520.938
DW039,s3002470,4,5,487804.878
DW039,s3002405,4,1,2954091.816
DW039,s3002405,4,2,1880819.367
DW039,s3002405,4,3,3231707.317
DW039,s3002405,4,4,2280701.754
DW039,s3002405,4,5,1819819.82
DW039,s3002075,4,1,2612612.613
DW039,s3002075,4,2,1005586.592
DW039,s3002075,4,3,2276785.714
DW039,s3002075,4,4,1635220.126
DW039,s3002075,4,5,1915285.451
DW039,s3000475,4,1,1022222.222
DW039,s3000475,4,2,1494252.874
DW039,s3000475,4,3,1339421.613
DW039,s3000475,4,4,1550387.597
DW039,s3000475,4,5,1207729.469
DW039,s3612400,5,1,1431064.572
DW039,s3612400,5,2,1072026.801
DW039,s3612400,5,3,1472868.217
DW039,s3612400,5,4,1194029.851
DW039,s3612400,5,5,1148867.314
DW039,s3612070,5,1,631424.3759
DW039,s3612070,5,2,591397.8495
DW039,s3612070,5,3,600315.9558
DW039,s3612070,5,4,783410.1382
DW039,s3612070,5,5,453752.1815
DW039,s3612005,5,1,1637426.901
DW039,s3612005,5,2,1879084.967
DW039,s3612005,5,3,1585585.586
DW039,s3612005,5,4,1395348.837
DW039,s3612005,5,5,1973094.17
DW039,s3610470,5,1,723905.7239
DW039,s3610470,5,2,495049.505
DW039,s3610470,5,3,484094.0526
DW039,s3610470,5,4,597014.9254
DW039,s3610470,5,5,534591.195
DW039,s3610405,5,1,2536231.884
DW039,s3610405,5,2,2380952.381
DW039,s3610405,5,3,1704119.85
DW039,s3610405,5,4,1925925.926
DW039,s3610405,5,5,2441077.441
DW039,s3610075,5,1,2882882.883
DW039,s3610075,5,2,4112769.486
DW039,s3610075,5,3,3730496.454
DW039,s3610075,5,4,3234880.45
DW039,s3610075,5,5,3981042.654
DW039,s3602470,5,1,425531.9149
DW039,s3602470,5,2,707964.6018
DW039,s3602470,5,3,729166.6667
DW039,s3602470,5,4,819047.619
DW039,s3602470,5,5,432900.4329
DW039,s3602405,5,1,2517006.803
DW039,s3602405,5,2,1086956.522
DW039,s3602405,5,3,1886446.886
DW039,s3602405,5,4,1733333.333
DW039,s3602405,5,5,1943048.576
DW039,s3602075,5,1,553129.5488
DW039,s3602075,5,2,738738.7387
DW039,s3602075,5,3,591630.5916
DW039,s3602075,5,4,639269.4064
DW039,s3602075,5,5,750436.3002
DW039,s3600475,5,1,906148.8673
DW039,s3600475,5,2,738993.7107
DW039,s3600475,5,3,814814.8148
DW039,s3600475,5,4,1008547.009
DW039,s3600475,5,5,711111.1111
DW039,s3012470,5,1,404530.7443
DW039,s3012470,5,2,806201.5504
DW039,s3012470,5,3,733056.7082
DW039,s3012470,5,4,733333.3333
DW039,s3012470,5,5,928462.7093
DW039,s3012405,5,1,2349397.59
DW039,s3012405,5,2,1195814.649
DW039,s3012405,5,3,1613588.11
DW039,s3012405,5,4,1990049.751
DW039,s3012405,5,5,1623931.624
DW039,s3012075,5,1,801282.0513
DW039,s3012075,5,2,1218274.112
DW039,s3012075,5,3,1091954.023
DW039,s3012075,5,4,966183.5749
DW039,s3012075,5,5,1054421.769
DW039,s3010475,5,1,898203.5928
DW039,s3010475,5,2,1369636.964
DW039,s3010475,5,3,978723.4043
DW039,s3010475,5,4,1052631.579
DW039,s3010475,5,5,1025641.026
DW039,s3002475,5,1,774091.6272
DW039,s3002475,5,2,907407.4074
DW039,s3002475,5,3,822510.8225
DW039,s3002475,5,4,861788.6179
DW039,s3002475,5,5,996376.8116
DW039,s3612470,6,1,586419.7531
DW039,s3612470,6,2,542986.4253
DW039,s3612470,6,3,506535.9477
DW039,s3612470,6,4,790697.6744
DW039,s3612470,6,5,502283.105
DW039,s3612405,6,1,2399267.399
DW039,s3612405,6,2,2011494.253
DW039,s3612405,6,3,3508771.93
DW039,s3612405,6,4,2519379.845
DW039,s3612405,6,5,1378205.128
DW039,s3612405,6,6,2021857.923
DW039,s3612405,6,7,1973466.003
DW039,s3612405,6,8,2674199.623
DW039,s3612405,6,9,2807017.544
DW039,s3612405,6,10,1923076.923
DW039,s3612405,6,11,2049808.429
DW039,s3612405,6,12,1972789.116
DW039,s3612075,6,1,2100456.621
DW039,s3612075,6,2,1127694.859
DW039,s3612075,6,3,2072538.86
DW039,s3612075,6,4,1860465.116
DW039,s3612075,6,5,1675041.876
DW039,s3610475,6,1,691244.2396
DW039,s3610475,6,2,952380.9524
DW039,s3610475,6,3,1138613.861
DW039,s3610475,6,4,1000000
DW039,s3610475,6,5,909090.9091
DW039,s3602475,6,1,1150000
DW039,s3602475,6,2,714285.7143
DW039,s3602475,6,3,1518817.204
DW039,s3602475,6,4,993265.9933
DW039,s3602475,6,5,1031446.541
DW039,s3012475,6,1,1066666.667
DW039,s3012475,6,2,1356783.92
DW039,s3012475,6,3,1573729.864
DW039,s3012475,6,4,1138211.382
DW039,s3012475,6,5,1445578.231
DW039,s3612475,7,1,1232492.997
DW039,s3612475,7,2,1340206.186
DW039,s3612475,7,3,837282.7804
DW039,s3612475,7,4,1276041.667
DW039,s3612475,7,5,960144.9275
DW039,s3612475,7,6,1212121.212
DW039,s3612475,7,7,1232638.889
DW039,s3612475,7,8,750915.7509
DW039,s3612475,7,9,2096584.217
DW067,s0600000,1,1,476525.8216
DW067,s0600000,1,2,510256.4103
DW067,s0600000,1,3,529535.865
DW067,s0600000,1,4,653333.3333
DW067,s0600000,1,5,530000
DW067,s0600000,1,6,517948.7179
DW067,s0600000,1,7,403314.9171
DW067,s0600000,1,8,600456.621
DW067,s0600000,1,9,421146.9534
DW067,s3600000,2,1,136546.1847
DW067,s3600000,2,2,86274.5098
DW067,s3600000,2,3,66666.66667
DW067,s3600000,2,4,95709.57096
DW067,s3600000,2,5,147540.9836
DW067,s3600000,2,6,106529.2096
DW067,s0610000,2,1,565062.3886
DW067,s0610000,2,2,604166.6667
DW067,s0610000,2,3,569523.8095
DW067,s0610000,2,4,762578.6164
DW067,s0610000,2,5,814414.4144
DW067,s0610000,2,6,938943.8944
DW067,s0602000,2,1,353591.1602
DW067,s0602000,2,2,371212.1212
DW067,s0602000,2,3,242592.5926
DW067,s0602000,2,4,369668.2464
DW067,s0602000,2,5,548192.7711
DW067,s0602000,2,6,520128.8245
DW067,s0600400,2,1,335008.3752
DW067,s0600400,2,2,273563.2184
DW067,s0600400,2,3,282170.5426
DW067,s0600400,2,4,128888.8889
DW067,s0600400,2,5,162650.6024
DW067,s0600400,2,6,158249.1582
DW067,s0600070,2,1,353711.7904
DW067,s0600070,2,2,357723.5772
DW067,s0600070,2,3,451659.4517
DW067,s0600070,2,4,419568.8226
DW067,s0600070,2,5,341194.9686
DW067,s0600070,2,6,499259.2593
DW067,s0600005,2,1,480496.4539
DW067,s0600005,2,2,481300.813
DW067,s0600005,2,3,447506.5617
DW067,s0600005,2,4,337962.963
DW067,s0600005,2,5,544144.1441
DW067,s0600005,2,6,327519.3798
DW067,s3610000,3,1,143317.2303
DW067,s3610000,3,2,193798.4496
DW067,s3610000,3,3,128472.2222
DW067,s3610000,3,4,151832.4607
DW067,s3610000,3,5,155660.3774
DW067,s3602000,3,1,139470.0139
DW067,s3602000,3,2,176366.843
DW067,s3602000,3,3,122807.0175
DW067,s3602000,3,4,167441.8605
DW067,s3602000,3,5,136856.3686
DW067,s3600400,3,1,157287.1573
DW067,s3600400,3,2,110119.0476
DW067,s3600400,3,3,67001.67504
DW067,s3600400,3,4,106976.7442
DW067,s3600400,3,5,90579.71014
DW067,s3600070,3,1,239280.7746
DW067,s3600070,3,2,239361.7021
DW067,s3600070,3,3,237482.1173
DW067,s3600070,3,4,234848.4848
DW067,s3600070,3,5,180180.1802
DW067,s3600005,3,1,166666.6667
DW067,s3600005,3,2,160493.8272
DW067,s3600005,3,3,168970.8141
DW067,s3600005,3,4,153198.6532
DW067,s3600005,3,5,183254.3444
DW067,s0612000,3,1,635578.5838
DW067,s0612000,3,2,447761.194
DW067,s0612000,3,3,639682.5397
DW067,s0612000,3,4,596747.9675
DW067,s0612000,3,5,493589.7436
DW067,s0610400,3,1,326984.127
DW067,s0610400,3,2,210338.6809
DW067,s0610400,3,3,237318.8406
DW067,s0610400,3,4,243902.439
DW067,s0610400,3,5,204467.354
DW067,s0610070,3,1,512820.5128
DW067,s0610070,3,2,625757.5758
DW067,s0610070,3,3,581239.531
DW067,s0610070,3,4,548936.1702
DW067,s0610070,3,5,679549.1143
DW067,s0610005,3,1,652103.5599
DW067,s0610005,3,2,435897.4359
DW067,s0610005,3,3,595709.571
DW067,s0610005,3,4,543859.6491
DW067,s0610005,3,5,559463.9866
DW067,s0602400,3,1,214190.0937
DW067,s0602400,3,2,209935.8974
DW067,s0602400,3,3,246753.2468
DW067,s0602400,3,4,252158.8946
DW067,s0602400,3,5,247572.8155
DW067,s0602070,3,1,628472.2222
DW067,s0602070,3,2,436541.1437
DW067,s0602070,3,3,493506.4935
DW067,s0602070,3,4,496050.5529
DW067,s0602070,3,5,513274.3363
DW067,s0602005,3,1,301652.8926
DW067,s0602005,3,2,277777.7778
DW067,s0602005,3,3,235294.1176
DW067,s0602005,3,4,244336.5696
DW067,s0602005,3,5,212914.4852
DW067,s0600470,3,1,167427.7017
DW067,s0600470,3,2,139500.7342
DW067,s0600470,3,3,216510.9034
DW067,s0600470,3,4,203030.303
DW067,s0600470,3,5,165853.6585
DW067,s0600405,3,1,129353.2338
DW067,s0600405,3,2,156589.1473
DW067,s0600405,3,3,167968.75
DW067,s0600405,3,4,174962.2926
DW067,s0600405,3,5,213333.3333
DW067,s0600075,3,1,554559.0433
DW067,s0600075,3,2,842911.8774
DW067,s0600075,3,3,620853.0806
DW067,s0600075,3,4,431279.6209
DW067,s0600075,3,5,463247.8632
DW067,s3612000,4,1,240310.0775
DW067,s3612000,4,2,215909.0909
DW067,s3612000,4,3,79840.31936
DW067,s3612000,4,4,206730.7692
DW067,s3612000,4,5,152136.7521
DW067,s3610400,4,1,27149.32127
DW067,s3610400,4,2,103260.8696
DW067,s3610400,4,3,21666.66667
DW067,s3610400,4,4,71317.82946
DW067,s3610400,4,5,94736.84211
DW067,s3610070,4,1,188617.8862
DW067,s3610070,4,2,313296.9035
DW067,s3610070,4,3,214397.4961
DW067,s3610070,4,4,166666.6667
DW067,s3610070,4,5,286407.767
DW067,s3610005,4,1,150097.4659
DW067,s3610005,4,2,145488.0295
DW067,s3610005,4,3,131851.8519
DW067,s3610005,4,4,149171.2707
DW067,s3610005,4,5,148975.7914
DW067,s3602400,4,1,67001.67504
DW067,s3602400,4,2,87087.08709
DW067,s3602400,4,3,60077.51938
DW067,s3602400,4,4,78149.92026
DW067,s3602400,4,5,57142.85714
DW067,s3602070,4,1,202956.9892
DW067,s3602070,4,2,290215.5887
DW067,s3602070,4,3,241090.1468
DW067,s3602070,4,4,219298.2456
DW067,s3602070,4,5,260465.1163
DW067,s3602005,4,1,118644.0678
DW067,s3602005,4,2,153061.2245
DW067,s3602005,4,3,73033.70787
DW067,s3602005,4,4,125230.2026
DW067,s3602005,4,5,132275.1323
DW067,s3600470,4,1,115942.029
DW067,s3600470,4,2,107638.8889
DW067,s3600470,4,3,119402.9851
DW067,s3600470,4,4,107638.8889
DW067,s3600470,4,5,125886.5248
DW067,s3600405,4,1,27491.40893
DW067,s3600405,4,2,69727.89116
DW067,s3600405,4,3,40998.21747
DW067,s3600405,4,4,45454.54545
DW067,s3600405,4,5,54421.76871
DW067,s3600075,4,1,193965.5172
DW067,s3600075,4,2,256140.3509
DW067,s3600075,4,3,220032.8407
DW067,s3600075,4,4,208144.7964
DW067,s3600075,4,5,224806.2016
DW067,s0612400,4,1,66287.87879
DW067,s0612400,4,2,76241.13475
DW067,s0612400,4,3,150259.0674
DW067,s0612400,4,4,75043.63002
DW067,s0612400,4,5,122625.2159
DW067,s0612070,4,1,448165.8692
DW067,s0612070,4,2,359223.301
DW067,s0612070,4,3,633187.7729
DW067,s0612070,4,4,590243.9024
DW067,s0612070,4,5,457326.8921
DW067,s0612005,4,1,242735.0427
DW067,s0612005,4,2,283653.8462
DW067,s0612005,4,3,181818.1818
DW067,s0612005,4,4,225538.9718
DW067,s0612005,4,5,271241.8301
DW067,s0610470,4,1,124087.5912
DW067,s0610470,4,2,189147.2868
DW067,s0610470,4,3,150252.5253
DW067,s0610470,4,4,172043.0108
DW067,s0610470,4,5,131510.4167
DW067,s0610405,4,1,62605.75296
DW067,s0610405,4,2,142011.8343
DW067,s0610405,4,3,125344.3526
DW067,s0610405,4,4,186003.6832
DW067,s0610405,4,5,189473.6842
DW067,s0610075,4,1,777210.8844
DW067,s0610075,4,2,977312.3909
DW067,s0610075,4,3,403174.6032
DW067,s0610075,4,4,565656.5657
DW067,s0610075,4,5,475000
DW067,s0602470,4,1,435786.4358
DW067,s0602470,4,2,526411.6576
DW067,s0602470,4,3,313725.4902
DW067,s0602470,4,4,307359.3074
DW067,s0602470,4,5,349549.5495
DW067,s0602405,4,1,137055.8376
DW067,s0602405,4,2,68292.68293
DW067,s0602405,4,3,115000
DW067,s0602405,4,4,84577.11443
DW067,s0602405,4,5,122222.2222
DW067,s0602075,4,1,214965.9864
DW067,s0602075,4,2,227969.3487
DW067,s0602075,4,3,312195.122
DW067,s0602075,4,4,280400.5722
DW067,s0602075,4,5,213768.1159
DW067,s0600475,4,1,335135.1351
DW067,s0600475,4,2,180762.8524
DW067,s0600475,4,3,262376.2376
DW067,s0600475,4,4,278048.7805
DW067,s0600475,4,5,247663.5514
DW067,s3612400,5,1,66317.62653
DW067,s3612400,5,2,169179.2295
DW067,s3612400,5,3,56201.55039
DW067,s3612400,5,4,107794.3615
DW067,s3612400,5,5,84142.39482
DW067,s3612070,5,1,162995.5947
DW067,s3612070,5,2,130824.3728
DW067,s3612070,5,3,139020.5371
DW067,s3612070,5,4,122887.8648
DW067,s3612070,5,5,155322.8621
DW067,s3612005,5,1,124756.3353
DW067,s3612005,5,2,111111.1111
DW067,s3612005,5,3,120720.7207
DW067,s3612005,5,4,108527.1318
DW067,s3612005,5,5,121076.2332
DW067,s3610470,5,1,117845.1178
DW067,s3610470,5,2,125412.5413
DW067,s3610470,5,3,110650.0692
DW067,s3610470,5,4,91210.6136
DW067,s3610470,5,5,125786.1635
DW067,s3610405,5,1,21739.13043
DW067,s3610405,5,2,73260.07326
DW067,s3610405,5,3,61797.75281
DW067,s3610405,5,4,69629.62963
DW067,s3610405,5,5,55555.55556
DW067,s3610075,5,1,204633.2046
DW067,s3610075,5,2,237147.5954
DW067,s3610075,5,3,235460.9929
DW067,s3610075,5,4,136427.5668
DW067,s3610075,5,5,151658.7678
DW067,s3602470,5,1,76241.13475
DW067,s3602470,5,2,188790.5605
DW067,s3602470,5,3,109375
DW067,s3602470,5,4,154285.7143
DW067,s3602470,5,5,105339.1053
DW067,s3602405,5,1,120181.4059
DW067,s3602405,5,2,52173.91304
DW067,s3602405,5,3,73260.07326
DW067,s3602405,5,4,85714.28571
DW067,s3602405,5,5,78726.96817
DW067,s3602075,5,1,151382.8239
DW067,s3602075,5,2,167567.5676
DW067,s3602075,5,3,158730.1587
DW067,s3602075,5,4,114155.2511
DW067,s3602075,5,5,214659.6859
DW067,s3600475,5,1,77669.90291
DW067,s3600475,5,2,97484.27673
DW067,s3600475,5,3,94814.81481
DW067,s3600475,5,4,78632.47863
DW067,s3600475,5,5,100740.7407
DW067,s0612470,5,1,394894.8949
DW067,s0612470,5,2,363207.5472
DW067,s0612470,5,3,195538.0577
DW067,s0612470,5,4,356421.3564
DW067,s0612470,5,5,317180.6167
DW067,s0612405,5,1,252577.3196
DW067,s0612405,5,2,253472.2222
DW067,s0612405,5,3,156565.6566
DW067,s0612405,5,4,229457.3643
DW067,s0612405,5,5,204906.2049
DW067,s0612075,5,1,234375
DW067,s0612075,5,2,165123.4568
DW067,s0612075,5,3,257716.0494
DW067,s0612075,5,4,203508.7719
DW067,s0612075,5,5,227414.3302
DW067,s0610475,5,1,107794.3615
DW067,s0610475,5,2,97946.28752
DW067,s0610475,5,3,100156.4945
DW067,s0610475,5,4,108333.3333
DW067,s0610475,5,5,189573.4597
DW067,s0602475,5,1,299382.716
DW067,s0602475,5,2,164296.9984
DW067,s0602475,5,3,176470.5882
DW067,s0602475,5,4,251121.0762
DW067,s0602475,5,5,202160.4938
DW067,s3612470,6,1,100308.642
DW067,s3612470,6,2,143288.0845
DW067,s3612470,6,3,129084.9673
DW067,s3612470,6,4,82170.54264
DW067,s3612470,6,5,155251.1416
DW067,s3612405,6,1,141025.641
DW067,s3612405,6,2,151340.9962
DW067,s3612405,6,3,50877.19298
DW067,s3612405,6,4,81395.34884
DW067,s3612405,6,5,84935.89744
DW067,s3612405,6,6,143897.9964
DW067,s3612405,6,7,84577.11443
DW067,s3612405,6,8,35781.54426
DW067,s3612405,6,9,98883.57257
DW067,s3612405,6,10,69597.0696
DW067,s3612405,6,11,63218.3908
DW067,s3612405,6,12,64625.85034
DW067,s3612075,6,1,138508.3714
DW067,s3612075,6,2,131011.6086
DW067,s3612075,6,3,160621.7617
DW067,s3612075,6,4,144186.0465
DW067,s3612075,6,5,125628.1407
DW067,s3610475,6,1,66052.22734
DW067,s3610475,6,2,122448.9796
DW067,s3610475,6,3,117161.7162
DW067,s3610475,6,4,81818.18182
DW067,s3610475,6,5,112794.6128
DW067,s3602475,6,1,75000
DW067,s3602475,6,2,83959.89975
DW067,s3602475,6,3,75268.8172
DW067,s3602475,6,4,80808.08081
DW067,s3602475,6,5,80503.14465
DW067,s0612475,6,1,211618.2573
DW067,s0612475,6,2,156140.3509
DW067,s0612475,6,3,177871.1485
DW067,s0612475,6,4,175886.5248
DW067,s0612475,6,5,163366.3366
DW067,s3612475,7,1,110644.2577
DW067,s3612475,7,2,120274.9141
DW067,s3612475,7,3,96366.50869
DW067,s3612475,7,4,111979.1667
DW067,s3612475,7,5,57971.01449
DW067,s3612475,7,6,101010.101
DW067,s3612475,7,7,97222.22222
DW067,s3612475,7,8,108058.6081
DW067,s3612475,7,9,106007.0671
DW100,s0010000,1,1,298102.981
DW100,s0010000,1,2,278177.458
DW100,s0010000,1,3,316049.3827
DW100,s0010000,1,4,328257.1912
DW100,s0010000,1,5,298724.9545
DW100,s0010000,1,6,292517.0068
DW100,s0010000,1,7,341772.1519
DW100,s0010000,1,8,335714.2857
DW100,s0010000,1,9,317365.2695
DW100,s3010000,2,1,397515.528
DW100,s3010000,2,2,419962.3352
DW100,s3010000,2,3,405714.2857
DW100,s3010000,2,4,325123.1527
DW100,s3010000,2,5,328746.1774
DW100,s3010000,2,6,345080.7636
DW100,s0610000,2,1,228163.9929
DW100,s0610000,2,2,270833.3333
DW100,s0610000,2,3,209523.8095
DW100,s0610000,2,4,250000
DW100,s0610000,2,5,225225.2252
DW100,s0610000,2,6,224422.4422
DW100,s0012000,2,1,483695.6522
DW100,s0012000,2,2,545267.4897
DW100,s0012000,2,3,522471.9101
DW100,s0012000,2,4,637969.0949
DW100,s0012000,2,5,752083.3333
DW100,s0012000,2,6,681300.813
DW100,s0010400,2,1,185941.0431
DW100,s0010400,2,2,165644.1718
DW100,s0010400,2,3,160337.5527
DW100,s0010400,2,4,188775.5102
DW100,s0010400,2,5,187984.4961
DW100,s0010400,2,6,161904.7619
DW100,s0010070,2,1,418760.469
DW100,s0010070,2,2,459412.7807
DW100,s0010070,2,3,308176.1006
DW100,s0010070,2,4,422839.5062
DW100,s0010070,2,5,323383.0846
DW100,s0010070,2,6,466346.1538
DW100,s0010005,2,1,576980.568
DW100,s0010005,2,2,401913.8756
DW100,s0010005,2,3,636070.8535
DW100,s0010005,2,4,414529.9145
DW100,s0010005,2,5,429577.4648
DW100,s0010005,2,6,437389.7707
DW100,s3610000,3,1,273752.0129
DW100,s3610000,3,2,339147.2868
DW100,s3610000,3,3,345486.1111
DW100,s3610000,3,4,301919.7208
DW100,s3610000,3,5,253144.6541
DW100,s3012000,3,1,613008.1301
DW100,s3012000,3,2,447368.4211
DW100,s3012000,3,3,683168.3168
DW100,s3012000,3,4,648424.5439
DW100,s3012000,3,5,516765.286
DW100,s3010400,3,1,141269.8413
DW100,s3010400,3,2,179357.022
DW100,s3010400,3,3,133012.8205
DW100,s3010400,3,4,114492.7536
DW100,s3010400,3,5,169036.3349
DW100,s3010070,3,1,309200.6033
DW100,s3010070,3,2,479166.6667
DW100,s3010070,3,3,360446.571
DW100,s3010070,3,4,351307.1895
DW100,s3010070,3,5,397496.0876
DW100,s3010005,3,1,398753.8941
DW100,s3010005,3,2,353413.6546
DW100,s3010005,3,3,471910.1124
DW100,s3010005,3,4,394230.7692
DW100,s3010005,3,5,443202.9795
DW100,s0612000,3,1,538860.1036
DW100,s0612000,3,2,331674.9585
DW100,s0612000,3,3,565079.3651
DW100,s0612000,3,4,471544.7154
DW100,s0612000,3,5,475961.5385
DW100,s0610400,3,1,144444.4444
DW100,s0610400,3,2,160427.8075
DW100,s0610400,3,3,77898.55072
DW100,s0610400,3,4,147967.4797
DW100,s0610400,3,5,139175.2577
DW100,s0610070,3,1,218702.8658
DW100,s0610070,3,2,327272.7273
DW100,s0610070,3,3,288107.2027
DW100,s0610070,3,4,242553.1915
DW100,s0610070,3,5,307568.438
DW100,s0610005,3,1,228155.3398
DW100,s0610005,3,2,234432.2344
DW100,s0610005,3,3,341584.1584
DW100,s0610005,3,4,249512.6706
DW100,s0610005,3,5,281407.0352
DW100,s0012400,3,1,285714.2857
DW100,s0012400,3,2,340807.1749
DW100,s0012400,3,3,289562.2896
DW100,s0012400,3,4,259587.0206
DW100,s0012400,3,5,248196.2482
DW100,s0012070,3,1,709447.4153
DW100,s0012070,3,2,585808.5809
DW100,s0012070,3,3,597014.9254
DW100,s0012070,3,4,664983.165
DW100,s0012070,3,5,594339.6226
DW100,s0012005,3,1,652631.5789
DW100,s0012005,3,2,597633.1361
DW100,s0012005,3,3,759803.9216
DW100,s0012005,3,4,644444.4444
DW100,s0012005,3,5,721666.6667
DW100,s0010470,3,1,121468.9266
DW100,s0010470,3,2,148775.8945
DW100,s0010470,3,3,143589.7436
DW100,s0010470,3,4,135042.735
DW100,s0010470,3,5,148148.1481
DW100,s0010405,3,1,207017.5439
DW100,s0010405,3,2,124767.2253
DW100,s0010405,3,3,115248.227
DW100,s0010405,3,4,145390.0709
DW100,s0010405,3,5,149621.2121
DW100,s0010075,3,1,311028.5006
DW100,s0010075,3,2,391534.3915
DW100,s0010075,3,3,247706.422
DW100,s0010075,3,4,342629.4821
DW100,s0010075,3,5,299840.5104
DW100,s3612000,4,1,463565.8915
DW100,s3612000,4,2,638257.5758
DW100,s3612000,4,3,522954.0918
DW100,s3612000,4,4,466346.1538
DW100,s3612000,4,5,586324.7863
DW100,s3610400,4,1,66365.00754
DW100,s3610400,4,2,208333.3333
DW100,s3610400,4,3,171666.6667
DW100,s3610400,4,4,116279.0698
DW100,s3610400,4,5,166666.6667
DW100,s3610070,4,1,307317.0732
DW100,s3610070,4,2,417122.0401
DW100,s3610070,4,3,275430.3599
DW100,s3610070,4,4,294025.1572
DW100,s3610070,4,5,389967.6375
DW100,s3610005,4,1,327485.3801
DW100,s3610005,4,2,340699.8158
DW100,s3610005,4,3,302222.2222
DW100,s3610005,4,4,298342.5414
DW100,s3610005,4,5,340782.1229
DW100,s3012400,4,1,187500
DW100,s3012400,4,2,163440.8602
DW100,s3012400,4,3,241869.9187
DW100,s3012400,4,4,151815.1815
DW100,s3012400,4,5,238095.2381
DW100,s3012070,4,1,691358.0247
DW100,s3012070,4,2,707843.1373
DW100,s3012070,4,3,617918.3136
DW100,s3012070,4,4,626315.7895
DW100,s3012070,4,5,647058.8235
DW100,s3012005,4,1,437074.8299
DW100,s3012005,4,2,444444.4444
DW100,s3012005,4,3,692156.8627
DW100,s3012005,4,4,468253.9683
DW100,s3012005,4,5,589605.7348
DW100,s3010470,4,1,103130.7551
DW100,s3010470,4,2,130890.0524
DW100,s3010470,4,3,128404.6693
DW100,s3010470,4,4,141361.2565
DW100,s3010470,4,5,180762.8524
DW100,s3010405,4,1,247422.6804
DW100,s3010405,4,2,178899.0826
DW100,s3010405,4,3,240860.2151
DW100,s3010405,4,4,215588.7231
DW100,s3010405,4,5,209935.8974
DW100,s3010075,4,1,315873.0159
DW100,s3010075,4,2,339869.281
DW100,s3010075,4,3,330049.2611
DW100,s3010075,4,4,338072.6698
DW100,s3010075,4,5,292682.9268
DW100,s0612400,4,1,342803.0303
DW100,s0612400,4,2,258865.2482
DW100,s0612400,4,3,402417.962
DW100,s0612400,4,4,301919.7208
DW100,s0612400,4,5,348877.3748
DW100,s0612070,4,1,473684.2105
DW100,s0612070,4,2,454692.5566
DW100,s0612070,4,3,643377.0015
DW100,s0612070,4,4,469918.6992
DW100,s0612070,4,5,442834.1385
DW100,s0612005,4,1,463247.8632
DW100,s0612005,4,2,511217.9487
DW100,s0612005,4,3,459893.0481
DW100,s0612005,4,4,446102.8192
DW100,s0612005,4,5,490196.0784
DW100,s0610470,4,1,94890.51095
DW100,s0610470,4,2,119379.845
DW100,s0610470,4,3,107323.2323
DW100,s0610470,4,4,145929.3395
DW100,s0610470,4,5,132812.5
DW100,s0610405,4,1,72758.03723
DW100,s0610405,4,2,134122.288
DW100,s0610405,4,3,129476.584
DW100,s0610405,4,4,119705.3407
DW100,s0610405,4,5,171929.8246
DW100,s0610075,4,1,372448.9796
DW100,s0610075,4,2,488656.1955
DW100,s0610075,4,3,244444.4444
DW100,s0610075,4,4,412457.9125
DW100,s0610075,4,5,331666.6667
DW100,s0012470,4,1,226053.6398
DW100,s0012470,4,2,274509.8039
DW100,s0012470,4,3,205588.8224
DW100,s0012470,4,4,267441.8605
DW100,s0012470,4,5,202578.2689
DW100,s0012405,4,1,192380.9524
DW100,s0012405,4,2,301318.2674
DW100,s0012405,4,3,319248.8263
DW100,s0012405,4,4,209677.4194
DW100,s0012405,4,5,318555.0082
DW100,s0012075,4,1,453525.641
DW100,s0012075,4,2,485943.7751
DW100,s0012075,4,3,620309.0508
DW100,s0012075,4,4,733739.8374
DW100,s0012075,4,5,660337.5527
DW100,s0010475,4,1,158805.0314
DW100,s0010475,4,2,159574.4681
DW100,s0010475,4,3,162011.1732
DW100,s0010475,4,4,171029.6684
DW100,s0010475,4,5,165714.2857
DW100,s3612400,5,1,457242.5829
DW100,s3612400,5,2,324958.124
DW100,s3612400,5,3,224806.2016
DW100,s3612400,5,4,281923.7148
DW100,s3612400,5,5,286407.767
DW100,s3612070,5,1,283406.7548
DW100,s3612070,5,2,431899.6416
DW100,s3612070,5,3,467614.534
DW100,s3612070,5,4,388632.8725
DW100,s3612070,5,5,363001.7452
DW100,s3612005,5,1,598440.5458
DW100,s3612005,5,2,436274.5098
DW100,s3612005,5,3,500900.9009
DW100,s3612005,5,4,531782.9457
DW100,s3612005,5,5,391629.2975
DW100,s3610470,5,1,154882.1549
DW100,s3610470,5,2,145214.5215
DW100,s3610470,5,3,127247.5795
DW100,s3610470,5,4,230514.0962
DW100,s3610470,5,5,190251.5723
DW100,s3610405,5,1,132246.3768
DW100,s3610405,5,2,234432.2344
DW100,s3610405,5,3,117977.5281
DW100,s3610405,5,4,137777.7778
DW100,s3610405,5,5,217171.7172
DW100,s3610075,5,1,257400.2574
DW100,s3610075,5,2,348258.7065
DW100,s3610075,5,3,313475.1773
DW100,s3610075,5,4,360056.2588
DW100,s3610075,5,5,371248.0253
DW100,s3012470,5,1,249190.9385
DW100,s3012470,5,2,206201.5504
DW100,s3012470,5,3,302904.5643
DW100,s3012470,5,4,266666.6667
DW100,s3012470,5,5,185692.5419
DW100,s3012405,5,1,301204.8193
DW100,s3012405,5,2,448430.4933
DW100,s3012405,5,3,450106.1571
DW100,s3012405,5,4,134328.3582
DW100,s3012405,5,5,241025.641
DW100,s3012075,5,1,448717.9487
DW100,s3012075,5,2,489001.692
DW100,s3012075,5,3,364942.5287
DW100,s3012075,5,4,259259.2593
DW100,s3012075,5,5,244897.9592
DW100,s3010475,5,1,123752.495
DW100,s3010475,5,2,130363.0363
DW100,s3010475,5,3,156028.3688
DW100,s3010475,5,4,130604.2885
DW100,s3010475,5,5,126602.5641
DW100,s0612470,5,1,334834.8348
DW100,s0612470,5,2,243710.6918
DW100,s0612470,5,3,234908.1365
DW100,s0612470,5,4,272727.2727
DW100,s0612470,5,5,204111.6006
DW100,s0612405,5,1,305841.9244
DW100,s0612405,5,2,376736.1111
DW100,s0612405,5,3,210437.7104
DW100,s0612405,5,4,344186.0465
DW100,s0612405,5,5,281385.2814
DW100,s0612075,5,1,519097.2222
DW100,s0612075,5,2,510802.4691
DW100,s0612075,5,3,407407.4074
DW100,s0612075,5,4,487719.2982
DW100,s0612075,5,5,493769.4704
DW100,s0610475,5,1,104477.6119
DW100,s0610475,5,2,271721.9589
DW100,s0610475,5,3,125195.6182
DW100,s0610475,5,4,165000
DW100,s0610475,5,5,213270.1422
DW100,s0012475,5,1,306042.885
DW100,s0012475,5,2,236111.1111
DW100,s0012475,5,3,319047.619
DW100,s0012475,5,4,233333.3333
DW100,s0012475,5,5,204545.4545
DW100,s3612470,6,1,243827.1605
DW100,s3612470,6,2,224736.0483
DW100,s3612470,6,3,248366.0131
DW100,s3612470,6,4,235658.9147
DW100,s3612470,6,5,246575.3425
DW100,s3612405,6,1,219780.2198
DW100,s3612405,6,2,392720.3065
DW100,s3612405,6,3,291228.0702
DW100,s3612405,6,4,358527.1318
DW100,s3612405,6,5,285256.4103
DW100,s3612405,6,6,340619.3078
DW100,s3612405,6,7,245439.4693
DW100,s3612405,6,8,212806.0264
DW100,s3612405,6,9,266347.6874
DW100,s3612405,6,10,217948.7179
DW100,s3612405,6,11,235632.1839
DW100,s3612405,6,12,224489.7959
DW100,s3612075,6,1,377473.3638
DW100,s3612075,6,2,467661.6915
DW100,s3612075,6,3,454231.4335
DW100,s3612075,6,4,409302.3256
DW100,s3612075,6,5,487437.1859
DW100,s3610475,6,1,139784.9462
DW100,s3610475,6,2,193877.551
DW100,s3610475,6,3,242574.2574
DW100,s3610475,6,4,113636.3636
DW100,s3610475,6,5,188552.1886
DW100,s3012475,6,1,228333.3333
DW100,s3012475,6,2,244556.1139
DW100,s3012475,6,3,184634.4486
DW100,s3012475,6,4,221138.2114
DW100,s3012475,6,5,232993.1973
DW100,s0612475,6,1,300138.3126
DW100,s0612475,6,2,252631.5789
DW100,s0612475,6,3,259103.6415
DW100,s0612475,6,4,310638.2979
DW100,s0612475,6,5,240924.0924
DW100,s3612475,7,1,177871.1485
DW100,s3612475,7,2,164948.4536
DW100,s3612475,7,3,165876.7773
DW100,s3612475,7,4,161458.3333
DW100,s3612475,7,5,190217.3913
DW100,s3612475,7,6,168831.1688
DW100,s3612475,7,7,314236.1111
DW100,s3612475,7,8,241758.2418
DW100,s3612475,7,9,206124.8528
DW102,s0002000,1,1,1594202.899
DW102,s0002000,1,2,1071428.571
DW102,s0002000,1,3,1603375.527
DW102,s0002000,1,4,1231422.505
DW102,s0002000,1,5,1253561.254
DW102,s0002000,1,6,1651234.568
DW102,s0002000,1,7,1942604.857
DW102,s0002000,1,8,1233595.801
DW102,s0002000,1,9,1104166.667
DW102,s3002000,2,1,2888888.889
DW102,s3002000,2,2,3855855.856
DW102,s3002000,2,3,3058608.059
DW102,s3002000,2,4,2292682.927
DW102,s3002000,2,5,5052631.579
DW102,s3002000,2,6,2704402.516
DW102,s0602000,2,1,1694290.976
DW102,s0602000,2,2,2272727.273
DW102,s0602000,2,3,2129629.63
DW102,s0602000,2,4,1579778.831
DW102,s0602000,2,5,1305220.884
DW102,s0602000,2,6,1835748.792
DW102,s0012000,2,1,851449.2754
DW102,s0012000,2,2,1399176.955
DW102,s0012000,2,3,1329588.015
DW102,s0012000,2,4,1103752.759
DW102,s0012000,2,5,1062500
DW102,s0012000,2,6,959349.5935
DW102,s0002400,2,1,1996233.522
DW102,s0002400,2,2,2118863.049
DW102,s0002400,2,3,1190476.19
DW102,s0002400,2,4,1627450.98
DW102,s0002400,2,5,2766884.532
DW102,s0002400,2,6,2128712.871
DW102,s0002070,2,1,1708683.473
DW102,s0002070,2,2,2056737.589
DW102,s0002070,2,3,2130434.783
DW102,s0002070,2,4,1658914.729
DW102,s0002070,2,5,2122719.735
DW102,s0002070,2,6,2251461.988
DW102,s0002005,2,1,3710317.46
DW102,s0002005,2,2,2662835.249
DW102,s0002005,2,3,3273453.094
DW102,s0002005,2,4,1992110.454
DW102,s0002005,2,5,2721518.987
DW102,s0002005,2,6,2910447.761
DW102,s3602000,3,1,2524407.252
DW102,s3602000,3,2,3227513.228
DW102,s3602000,3,3,3815789.474
DW102,s3602000,3,4,2666666.667
DW102,s3602000,3,5,2046070.461
DW102,s3012000,3,1,1772357.724
DW102,s3012000,3,2,1557017.544
DW102,s3012000,3,3,808580.8581
DW102,s3012000,3,4,1641791.045
DW102,s3012000,3,5,1203155.819
DW102,s3002400,3,1,1773049.645
DW102,s3002400,3,2,1936127.745
DW102,s3002400,3,3,2256410.256
DW102,s3002400,3,4,1862197.393
DW102,s3002400,3,5,2076502.732
DW102,s3002070,3,1,2407407.407
DW102,s3002070,3,2,3073170.732
DW102,s3002070,3,3,1881481.481
DW102,s3002070,3,4,3474178.404
DW102,s3002070,3,5,2683982.684
DW102,s3002005,3,1,2733686.067
DW102,s3002005,3,2,2990476.19
DW102,s3002005,3,3,3490401.396
DW102,s3002005,3,4,2819237.148
DW102,s3002005,3,5,3303703.704
DW102,s0612000,3,1,708117.4439
DW102,s0612000,3,2,1459369.818
DW102,s0612000,3,3,1682539.683
DW102,s0612000,3,4,1317073.171
DW102,s0612000,3,5,1282051.282
DW102,s0602400,3,1,3012048.193
DW102,s0602400,3,2,1314102.564
DW102,s0602400,3,3,1717171.717
DW102,s0602400,3,4,1813471.503
DW102,s0602400,3,5,2330097.087
DW102,s0602070,3,1,1718750
DW102,s0602070,3,2,3305439.331
DW102,s0602070,3,3,2929292.929
DW102,s0602070,3,4,2290679.305
DW102,s0602070,3,5,1622418.879
DW102,s0602005,3,1,3333333.333
DW102,s0602005,3,2,1486928.105
DW102,s0602005,3,3,2816399.287
DW102,s0602005,3,4,2362459.547
DW102,s0602005,3,5,2757417.103
DW102,s0012400,3,1,2364532.02
DW102,s0012400,3,2,732436.4723
DW102,s0012400,3,3,1447811.448
DW102,s0012400,3,4,1194690.265
DW102,s0012400,3,5,1486291.486
DW102,s0012070,3,1,1889483.066
DW102,s0012070,3,2,1600660.066
DW102,s0012070,3,3,1940298.507
DW102,s0012070,3,4,1531986.532
DW102,s0012070,3,5,1871069.182
DW102,s0012005,3,1,1964912.281
DW102,s0012005,3,2,1617357.002
DW102,s0012005,3,3,1209150.327
DW102,s0012005,3,4,1658119.658
DW102,s0012005,3,5,1200000
DW102,s0002470,3,1,3095238.095
DW102,s0002470,3,2,2996632.997
DW102,s0002470,3,3,3915094.34
DW102,s0002470,3,4,2178362.573
DW102,s0002470,3,5,1955555.556
DW102,s0002405,3,1,2759259.259
DW102,s0002405,3,2,3623931.624
DW102,s0002405,3,3,2807971.014
DW102,s0002405,3,4,2704081.633
DW102,s0002405,3,5,3565062.389
DW102,s0002075,3,1,2843137.255
DW102,s0002075,3,2,3116370.809
DW102,s0002075,3,3,3405483.405
DW102,s0002075,3,4,3028846.154
DW102,s0002075,3,5,3471645.92
DW102,s3612000,4,1,1348837.209
DW102,s3612000,4,2,2215909.091
DW102,s3612000,4,3,1297405.19
DW102,s3612000,4,4,1490384.615
DW102,s3612000,4,5,1880341.88
DW102,s3602400,4,1,1608040.201
DW102,s3602400,4,2,1831831.832
DW102,s3602400,4,3,2364341.085
DW102,s3602400,4,4,1706539.075
DW102,s3602400,4,5,1888888.889
DW102,s3602070,4,1,3077956.989
DW102,s3602070,4,2,3316749.585
DW102,s3602070,4,3,2893081.761
DW102,s3602070,4,4,2748538.012
DW102,s3602070,4,5,2961240.31
DW102,s3602005,4,1,2297551.789
DW102,s3602005,4,2,2431972.789
DW102,s3602005,4,3,1985018.727
DW102,s3602005,4,4,2228360.958
DW102,s3602005,4,5,2380952.381
DW102,s3012400,4,1,1927083.333
DW102,s3012400,4,2,1720430.108
DW102,s3012400,4,3,1991869.919
DW102,s3012400,4,4,2046204.62
DW102,s3012400,4,5,1675485.009
DW102,s3012070,4,1,3015873.016
DW102,s3012070,4,2,1568627.451
DW102,s3012070,4,3,2845849.802
DW102,s3012070,4,4,3070175.439
DW102,s3012070,4,5,1889483.066
DW102,s3012005,4,1,1870748.299
DW102,s3012005,4,2,2451499.118
DW102,s3012005,4,3,2254901.961
DW102,s3012005,4,4,1825396.825
DW102,s3012005,4,5,2526881.72
DW102,s3002470,4,1,3364928.91
DW102,s3002470,4,2,2237237.237
DW102,s3002470,4,3,2296918.768
DW102,s3002470,4,4,2847571.189
DW102,s3002470,4,5,2357723.577
DW102,s3002405,4,1,3213572.854
DW102,s3002405,4,2,2178770.95
DW102,s3002405,4,3,4247967.48
DW102,s3002405,4,4,3352826.511
DW102,s3002405,4,5,3135135.135
DW102,s3002075,4,1,3708708.709
DW102,s3002075,4,2,3575418.994
DW102,s3002075,4,3,3497023.81
DW102,s3002075,4,4,3726415.094
DW102,s3002075,4,5,3130755.064
DW102,s0612400,4,1,833333.3333
DW102,s0612400,4,2,1436170.213
DW102,s0612400,4,3,2227979.275
DW102,s0612400,4,4,1204188.482
DW102,s0612400,4,5,1347150.259
DW102,s0612070,4,1,2009569.378
DW102,s0612070,4,2,2281553.398
DW102,s0612070,4,3,2096069.869
DW102,s0612070,4,4,1609756.098
DW102,s0612070,4,5,2125603.865
DW102,s0612005,4,1,1658119.658
DW102,s0612005,4,2,1442307.692
DW102,s0612005,4,3,1158645.276
DW102,s0612005,4,4,1442786.07
DW102,s0612005,4,5,1258169.935
DW102,s0602470,4,1,2481962.482
DW102,s0602470,4,2,3333333.333
DW102,s0602470,4,3,1797385.621
DW102,s0602470,4,4,2842712.843
DW102,s0602470,4,5,2216216.216
DW102,s0602405,4,1,2910321.489
DW102,s0602405,4,2,1837398.374
DW102,s0602405,4,3,1383333.333
DW102,s0602405,4,4,1857379.768
DW102,s0602405,4,5,2317460.317
DW102,s0602075,4,1,2857142.857
DW102,s0602075,4,2,2777777.778
DW102,s0602075,4,3,2341463.415
DW102,s0602075,4,4,3175965.665
DW102,s0602075,4,5,2445652.174
DW102,s0012470,4,1,2432950.192
DW102,s0012470,4,2,2137254.902
DW102,s0012470,4,3,1876247.505
DW102,s0012470,4,4,2383720.93
DW102,s0012470,4,5,2449355.433
DW102,s0012405,4,1,1942857.143
DW102,s0012405,4,2,2372881.356
DW102,s0012405,4,3,1830985.915
DW102,s0012405,4,4,2204301.075
DW102,s0012405,4,5,1789819.376
DW102,s0012075,4,1,2275641.026
DW102,s0012075,4,2,1204819.277
DW102,s0012075,4,3,1766004.415
DW102,s0012075,4,4,1280487.805
DW102,s0012075,4,5,2109704.641
DW102,s0002475,4,1,2777777.778
DW102,s0002475,4,2,3033333.333
DW102,s0002475,4,3,3005464.481
DW102,s0002475,4,4,2277227.723
DW102,s0002475,4,5,3045045.045
DW102,s3612400,5,1,1465968.586
DW102,s3612400,5,2,1758793.97
DW102,s3612400,5,3,1705426.357
DW102,s3612400,5,4,1625207.297
DW102,s3612400,5,5,1731391.586
DW102,s3612070,5,1,1409691.63
DW102,s3612070,5,2,896057.3477
DW102,s3612070,5,3,1358609.795
DW102,s3612070,5,4,2027649.77
DW102,s3612070,5,5,1797556.719
DW102,s3612005,5,1,1325536.062
DW102,s3612005,5,2,1062091.503
DW102,s3612005,5,3,1693693.694
DW102,s3612005,5,4,1302325.581
DW102,s3612005,5,5,1479820.628
DW102,s3602470,5,1,1719858.156
DW102,s3602470,5,2,2227138.643
DW102,s3602470,5,3,1835937.5
DW102,s3602470,5,4,1523809.524
DW102,s3602470,5,5,2467532.468
DW102,s3602405,5,1,3129251.701
DW102,s3602405,5,2,2478260.87
DW102,s3602405,5,3,2161172.161
DW102,s3602405,5,4,2514285.714
DW102,s3602405,5,5,1943048.576
DW102,s3602075,5,1,2387190.684
DW102,s3602075,5,2,2018018.018
DW102,s3602075,5,3,2251082.251
DW102,s3602075,5,4,2617960.426
DW102,s3602075,5,5,3298429.319
DW102,s3012470,5,1,2168284.79
DW102,s3012470,5,2,2403100.775
DW102,s3012470,5,3,2102351.314
DW102,s3012470,5,4,1516666.667
DW102,s3012470,5,5,1598173.516
DW102,s3012405,5,1,2530120.482
DW102,s3012405,5,2,2092675.635
DW102,s3012405,5,3,2335456.476
DW102,s3012405,5,4,1724709.784
DW102,s3012405,5,5,2153846.154
DW102,s3012075,5,1,1971153.846
DW102,s3012075,5,2,1878172.589
DW102,s3012075,5,3,1910919.54
DW102,s3012075,5,4,1948470.209
DW102,s3012075,5,5,1938775.51
DW102,s3002475,5,1,2622432.859
DW102,s3002475,5,2,3314814.815
DW102,s3002475,5,3,2554112.554
DW102,s3002475,5,4,2617886.179
DW102,s3002475,5,5,2065217.391
DW102,s0612470,5,1,1966966.967
DW102,s0612470,5,2,2091194.969
DW102,s0612470,5,3,2125984.252
DW102,s0612470,5,4,2092352.092
DW102,s0612470,5,5,2349486.05
DW102,s0612405,5,1,1615120.275
DW102,s0612405,5,2,1493055.556
DW102,s0612405,5,3,1245791.246
DW102,s0612405,5,4,1627906.977
DW102,s0612405,5,5,1630591.631
DW102,s0612075,5,1,2500000
DW102,s0612075,5,2,2314814.815
DW102,s0612075,5,3,2299382.716
DW102,s0612075,5,4,2350877.193
DW102,s0612075,5,5,1993769.47
DW102,s0602475,5,1,2453703.704
DW102,s0602475,5,2,2480252.765
DW102,s0602475,5,3,1944444.444
DW102,s0602475,5,4,3109118.087
DW102,s0602475,5,5,3919753.086
DW102,s0012475,5,1,2144249.513
DW102,s0012475,5,2,1652777.778
DW102,s0012475,5,3,2238095.238
DW102,s0012475,5,4,2526315.789
DW102,s0012475,5,5,2560606.061
DW102,s3612470,6,1,2237654.321
DW102,s3612470,6,2,1523378.582
DW102,s3612470,6,3,1911764.706
DW102,s3612470,6,4,1534883.721
DW102,s3612470,6,5,2100456.621
DW102,s3612405,6,1,1373626.374
DW102,s3612405,6,2,3084291.188
DW102,s3612405,6,3,1403508.772
DW102,s3612405,6,4,1240310.078
DW102,s3612405,6,5,1410256.41
DW102,s3612405,6,6,1548269.581
DW102,s3612405,6,7,1741293.532
DW102,s3612405,6,8,2203389.831
DW102,s3612405,6,9,2727272.727
DW102,s3612405,6,10,1849816.85
DW102,s3612405,6,11,1609195.402
DW102,s3612405,6,12,1377551.02
DW102,s3612075,6,1,2724505.327
DW102,s3612075,6,2,1227197.347
DW102,s3612075,6,3,2625215.889
DW102,s3612075,6,4,2093023.256
DW102,s3612075,6,5,1976549.414
DW102,s3602475,6,1,2766666.667
DW102,s3602475,6,2,2080200.501
DW102,s3602475,6,3,2002688.172
DW102,s3602475,6,4,3771043.771
DW102,s3602475,6,5,2867924.528
DW102,s3012475,6,1,2900000
DW102,s3012475,6,2,2378559.464
DW102,s3012475,6,3,2899628.253
DW102,s3012475,6,4,1934959.35
DW102,s3012475,6,5,1819727.891
DW102,s0612475,6,1,1991701.245
DW102,s0612475,6,2,2368421.053
DW102,s0612475,6,3,1946778.711
DW102,s0612475,6,4,2397163.121
DW102,s0612475,6,5,2293729.373
DW102,s3612475,7,1,2100840.336
DW102,s3612475,7,2,1804123.711
DW102,s3612475,7,3,1706161.137
DW102,s3612475,7,4,1718750
DW102,s3612475,7,5,1865942.029
DW102,s3612475,7,6,1803751.804
DW102,s3612475,7,7,2517361.111
DW102,s3612475,7,8,1886446.886
DW102,s3612475,7,9,2485276.796
DW145,s0000400,1,1,1545623.836
DW145,s0000400,1,2,1568627.451
DW145,s0000400,1,3,1658456.486
DW145,s0000400,1,4,1688500.728
DW145,s0000400,1,5,1650000
DW145,s0000400,1,6,1837606.838
DW145,s0000400,1,7,1590909.091
DW145,s0000400,1,8,1781609.195
DW145,s0000400,1,9,1932624.113
DW145,s3000400,2,1,2580037.665
DW145,s3000400,2,2,2434210.526
DW145,s3000400,2,3,2774774.775
DW145,s3000400,2,4,2210884.354
DW145,s3000400,2,5,2784313.725
DW145,s3000400,2,6,2421052.632
DW145,s0600400,2,1,1390284.757
DW145,s0600400,2,2,827586.2069
DW145,s0600400,2,3,1054263.566
DW145,s0600400,2,4,1155555.556
DW145,s0600400,2,5,1746987.952
DW145,s0600400,2,6,1077441.077
DW145,s0010400,2,1,2176870.748
DW145,s0010400,2,2,1697341.513
DW145,s0010400,2,3,1793248.945
DW145,s0010400,2,4,1734693.878
DW145,s0010400,2,5,2248062.016
DW145,s0010400,2,6,2780952.381
DW145,s0002400,2,1,1167608.286
DW145,s0002400,2,2,1757105.943
DW145,s0002400,2,3,1277056.277
DW145,s0002400,2,4,941176.4706
DW145,s0002400,2,5,1895424.837
DW145,s0002400,2,6,1600660.066
DW145,s0000470,2,1,2006319.115
DW145,s0000470,2,2,2211221.122
DW145,s0000470,2,3,1812169.312
DW145,s0000470,2,4,2378787.879
DW145,s0000470,2,5,3036303.63
DW145,s0000470,2,6,3150492.264
DW145,s0000405,2,1,2038216.561
DW145,s0000405,2,2,2208835.341
DW145,s0000405,2,3,1750465.549
DW145,s0000405,2,4,1558441.558
DW145,s0000405,2,5,1868978.805
DW145,s0000405,2,6,1674876.847
DW145,s3600400,3,1,1587301.587
DW145,s3600400,3,2,1741071.429
DW145,s3600400,3,3,1641541.039
DW145,s3600400,3,4,1906976.744
DW145,s3600400,3,5,1449275.362
DW145,s3010400,3,1,1682539.683
DW145,s3010400,3,2,2605752.961
DW145,s3010400,3,3,1682692.308
DW145,s3010400,3,4,1536231.884
DW145,s3010400,3,5,2496050.553
DW145,s3002400,3,1,514184.3972
DW145,s3002400,3,2,598802.3952
DW145,s3002400,3,3,769230.7692
DW145,s3002400,3,4,540037.2439
DW145,s3002400,3,5,692167.5774
DW145,s3000470,3,1,1666666.667
DW145,s3000470,3,2,1794871.795
DW145,s3000470,3,3,1233480.176
DW145,s3000470,3,4,2122719.735
DW145,s3000470,3,5,2090909.091
DW145,s3000405,3,1,1701030.928
DW145,s3000405,3,2,1761658.031
DW145,s3000405,3,3,2139303.483
DW145,s3000405,3,4,1674796.748
DW145,s3000405,3,5,2128325.509
DW145,s0610400,3,1,2174603.175
DW145,s0610400,3,2,1390374.332
DW145,s0610400,3,3,1576086.957
DW145,s0610400,3,4,2000000
DW145,s0610400,3,5,1546391.753
DW145,s0602400,3,1,803212.8514
DW145,s0602400,3,2,1121794.872
DW145,s0602400,3,3,735930.7359
DW145,s0602400,3,4,1088082.902
DW145,s0602400,3,5,566343.0421
DW145,s0600470,3,1,1141552.511
DW145,s0600470,3,2,1160058.737
DW145,s0600470,3,3,2398753.894
DW145,s0600470,3,4,1272727.273
DW145,s0600470,3,5,1821138.211
DW145,s0600405,3,1,1160862.355
DW145,s0600405,3,2,1457364.341
DW145,s0600405,3,3,1041666.667
DW145,s0600405,3,4,1070889.894
DW145,s0600405,3,5,1516666.667
DW145,s0012400,3,1,574712.6437
DW145,s0012400,3,2,493273.5426
DW145,s0012400,3,3,1026936.027
DW145,s0012400,3,4,693215.3392
DW145,s0012400,3,5,678210.6782
DW145,s0010470,3,1,2528248.588
DW145,s0010470,3,2,1563088.512
DW145,s0010470,3,3,2957264.957
DW145,s0010470,3,4,2478632.479
DW145,s0010470,3,5,3051146.384
DW145,s0010405,3,1,2473684.211
DW145,s0010405,3,2,1080074.488
DW145,s0010405,3,3,1365248.227
DW145,s0010405,3,4,1578014.184
DW145,s0010405,3,5,2178030.303
DW145,s0002470,3,1,476190.4762
DW145,s0002470,3,2,690235.6902
DW145,s0002470,3,3,911949.6855
DW145,s0002470,3,4,614035.0877
DW145,s0002470,3,5,755555.5556
DW145,s0002405,3,1,814814.8148
DW145,s0002405,3,2,837606.8376
DW145,s0002405,3,3,1050724.638
DW145,s0002405,3,4,816326.5306
DW145,s0002405,3,5,998217.4688
DW145,s0000475,3,1,2855297.158
DW145,s0000475,3,2,2057142.857
DW145,s0000475,3,3,1738351.254
DW145,s0000475,3,4,2124183.007
DW145,s0000475,3,5,2594268.477
DW145,s3610400,4,1,1040723.982
DW145,s3610400,4,2,2264492.754
DW145,s3610400,4,3,1766666.667
DW145,s3610400,4,4,1364341.085
DW145,s3610400,4,5,1771929.825
DW145,s3602400,4,1,569514.2379
DW145,s3602400,4,2,285285.2853
DW145,s3602400,4,3,794573.6434
DW145,s3602400,4,4,558213.7161
DW145,s3602400,4,5,746031.746
DW145,s3600470,4,1,1610305.958
DW145,s3600470,4,2,2413194.444
DW145,s3600470,4,3,1492537.313
DW145,s3600470,4,4,1840277.778
DW145,s3600470,4,5,1950354.61
DW145,s3600405,4,1,1202749.141
DW145,s3600405,4,2,1598639.456
DW145,s3600405,4,3,2139037.433
DW145,s3600405,4,4,1195286.195
DW145,s3600405,4,5,1615646.259
DW145,s3012400,4,1,625000
DW145,s3012400,4,2,731182.7957
DW145,s3012400,4,3,650406.5041
DW145,s3012400,4,4,742574.2574
DW145,s3012400,4,5,564373.8977
DW145,s3010470,4,1,1528545.12
DW145,s3010470,4,2,1291448.517
DW145,s3010470,4,3,1725032.425
DW145,s3010470,4,4,1396160.558
DW145,s3010470,4,5,1276948.59
DW145,s3010405,4,1,1202749.141
DW145,s3010405,4,2,1957186.544
DW145,s3010405,4,3,1290322.581
DW145,s3010405,4,4,1194029.851
DW145,s3010405,4,5,1730769.231
DW145,s3002470,4,1,979462.8752
DW145,s3002470,4,2,780780.7808
DW145,s3002470,4,3,798319.3277
DW145,s3002470,4,4,779727.0955
DW145,s3002470,4,5,504504.5045
DW145,s3002405,4,1,698602.7944
DW145,s3002405,4,2,521415.27
DW145,s3002405,4,3,894308.9431
DW145,s3002405,4,4,779727.0955
DW145,s3002405,4,5,504504.5045
DW145,s3000475,4,1,1200000
DW145,s3000475,4,2,3070607.553
DW145,s3000475,4,3,928462.7093
DW145,s3000475,4,4,1565891.473
DW145,s3000475,4,5,1835748.792
DW145,s0612400,4,1,625000
DW145,s0612400,4,2,1010638.298
DW145,s0612400,4,3,1502590.674
DW145,s0612400,4,4,1204188.482
DW145,s0612400,4,5,1347150.259
DW145,s0610470,4,1,3454987.835
DW145,s0610470,4,2,2031007.752
DW145,s0610470,4,3,1919191.919
DW145,s0610470,4,4,2442396.313
DW145,s0610470,4,5,1940104.167
DW145,s0610405,4,1,981387.4788
DW145,s0610405,4,2,1854043.393
DW145,s0610405,4,3,1735537.19
DW145,s0610405,4,4,1473296.501
DW145,s0610405,4,5,1561403.509
DW145,s0602470,4,1,735930.7359
DW145,s0602470,4,2,710382.5137
DW145,s0602470,4,3,637254.902
DW145,s0602470,4,4,562770.5628
DW145,s0602470,4,5,936936.9369
DW145,s0602405,4,1,490693.7394
DW145,s0602405,4,2,585365.8537
DW145,s0602405,4,3,616666.6667
DW145,s0602405,4,4,613598.6733
DW145,s0602405,4,5,619047.619
DW145,s0600475,4,1,1243243.243
DW145,s0600475,4,2,746268.6567
DW145,s0600475,4,3,1006600.66
DW145,s0600475,4,4,747967.4797
DW145,s0600475,4,5,1137071.651
DW145,s0012470,4,1,1015325.67
DW145,s0012470,4,2,1137254.902
DW145,s0012470,4,3,898203.5928
DW145,s0012470,4,4,910852.7132
DW145,s0012470,4,5,828729.2818
DW145,s0012405,4,1,628571.4286
DW145,s0012405,4,2,979284.3691
DW145,s0012405,4,3,766823.1612
DW145,s0012405,4,4,501792.1147
DW145,s0012405,4,5,673234.8112
DW145,s0010475,4,1,3081761.006
DW145,s0010475,4,2,1914893.617
DW145,s0010475,4,3,2551210.428
DW145,s0010475,4,4,2321116.928
DW145,s0010475,4,5,3028571.429
DW145,s0002475,4,1,1222222.222
DW145,s0002475,4,2,816666.6667
DW145,s0002475,4,3,819672.1311
DW145,s0002475,4,4,693069.3069
DW145,s0002475,4,5,864864.8649
DW145,s3612400,5,1,663176.2653
DW145,s3612400,5,2,804020.1005
DW145,s3612400,5,3,523255.814
DW145,s3612400,5,4,746268.6567
DW145,s3612400,5,5,679611.6505
DW145,s3610470,5,1,1279461.279
DW145,s3610470,5,2,1765676.568
DW145,s3610470,5,3,1632088.52
DW145,s3610470,5,4,1343283.582
DW145,s3610470,5,5,1666666.667
DW145,s3610405,5,1,1231884.058
DW145,s3610405,5,2,2380952.381
DW145,s3610405,5,3,1479400.749
DW145,s3610405,5,4,1718518.519
DW145,s3610405,5,5,1565656.566
DW145,s3602470,5,1,780141.844
DW145,s3602470,5,2,796460.177
DW145,s3602470,5,3,755208.3333
DW145,s3602470,5,4,780952.381
DW145,s3602470,5,5,836940.8369
DW145,s3602405,5,1,725623.5828
DW145,s3602405,5,2,652173.913
DW145,s3602405,5,3,421245.4212
DW145,s3602405,5,4,685714.2857
DW145,s3602405,5,5,619765.4941
DW145,s3600475,5,1,2653721.683
DW145,s3600475,5,2,2216981.132
DW145,s3600475,5,3,2518518.519
DW145,s3600475,5,4,2000000
DW145,s3600475,5,5,2251851.852
DW145,s3012470,5,1,631067.9612
DW145,s3012470,5,2,713178.2946
DW145,s3012470,5,3,650069.1563
DW145,s3012470,5,4,666666.6667
DW145,s3012470,5,5,684931.5068
DW145,s3012405,5,1,1004016.064
DW145,s3012405,5,2,956651.719
DW145,s3012405,5,3,382165.6051
DW145,s3012405,5,4,895522.3881
DW145,s3012405,5,5,888888.8889
DW145,s3010475,5,1,1237524.95
DW145,s3010475,5,2,1534653.465
DW145,s3010475,5,3,1375886.525
DW145,s3010475,5,4,1150097.466
DW145,s3010475,5,5,1506410.256
DW145,s3002475,5,1,363349.1311
DW145,s3002475,5,2,685185.1852
DW145,s3002475,5,3,721500.7215
DW145,s3002475,5,4,601626.0163
DW145,s3002475,5,5,797101.4493
DW145,s0612470,5,1,930930.9309
DW145,s0612470,5,2,581761.0063
DW145,s0612470,5,3,958005.2493
DW145,s0612470,5,4,836940.8369
DW145,s0612470,5,5,719530.1028
DW145,s0612405,5,1,1254295.533
DW145,s0612405,5,2,711805.5556
DW145,s0612405,5,3,488215.4882
DW145,s0612405,5,4,1147286.822
DW145,s0612405,5,5,750360.7504
DW145,s0610475,5,1,928689.8839
DW145,s0610475,5,2,1137440.758
DW145,s0610475,5,3,1064162.754
DW145,s0610475,5,4,1250000
DW145,s0610475,5,5,1153238.547
DW145,s0602475,5,1,864197.5309
DW145,s0602475,5,2,600315.9558
DW145,s0602475,5,3,800653.5948
DW145,s0602475,5,4,582959.6413
DW145,s0602475,5,5,848765.4321
DW145,s0012475,5,1,799220.2729
DW145,s0012475,5,2,638888.8889
DW145,s0012475,5,3,1190476.19
DW145,s0012475,5,4,894736.8421
DW145,s0012475,5,5,772727.2727
DW145,s3612470,6,1,555555.5556
DW145,s3612470,6,2,558069.3816
DW145,s3612470,6,3,866013.0719
DW145,s3612470,6,4,682170.5426
DW145,s3612470,6,5,639269.4064
DW145,s3612405,6,1,586080.5861
DW145,s3612405,6,2,938697.318
DW145,s3612405,6,3,947368.4211
DW145,s3612405,6,4,658914.7287
DW145,s3612405,6,5,1009615.385
DW145,s3612405,6,6,673952.6412
DW145,s3612405,6,7,514096.1857
DW145,s3612405,6,8,790960.452
DW145,s3612405,6,9,797448.1659
DW145,s3612405,6,10,531135.5311
DW145,s3612405,6,11,919540.2299
DW145,s3612405,6,12,1054421.769
DW145,s3610475,6,1,1428571.429
DW145,s3610475,6,2,1700680.272
DW145,s3610475,6,3,1600660.066
DW145,s3610475,6,4,1545454.545
DW145,s3610475,6,5,1986531.987
DW145,s3602475,6,1,600000
DW145,s3602475,6,2,576441.1028
DW145,s3602475,6,3,967741.9355
DW145,s3602475,6,4,589225.5892
DW145,s3602475,6,5,805031.4465
DW145,s3012475,6,1,883333.3333
DW145,s3012475,6,2,1005025.126
DW145,s3012475,6,3,1016109.046
DW145,s3012475,6,4,878048.7805
DW145,s3012475,6,5,1071428.571
DW145,s0612475,6,1,1065006.916
DW145,s0612475,6,2,596491.2281
DW145,s0612475,6,3,896358.5434
DW145,s0612475,6,4,978723.4043
DW145,s0612475,6,5,709570.9571
DW145,s3612475,7,1,672268.9076
DW145,s3612475,7,2,756013.7457
DW145,s3612475,7,3,1137440.758
DW145,s3612475,7,4,989583.3333
DW145,s3612475,7,5,742753.6232
DW145,s3612475,7,6,634920.6349
DW145,s3612475,7,7,781250
DW145,s3612475,7,8,952380.9524
DW145,s3612475,7,9,989399.2933
DW147,s0000070,1,1,763582.9662
DW147,s0000070,1,2,623973.7274
DW147,s0000070,1,3,600000
DW147,s0000070,1,4,779220.7792
DW147,s0000070,1,5,625235.4049
DW147,s0000070,1,6,886002.886
DW147,s3000070,2,1,607344.6328
DW147,s3000070,2,2,396039.604
DW147,s3000070,2,3,357142.8571
DW147,s3000070,2,4,353535.3535
DW147,s3000070,2,5,433333.3333
DW147,s3000070,2,6,251572.327
DW147,s0600070,2,1,1018922.853
DW147,s0600070,2,2,894308.9431
DW147,s0600070,2,3,1139971.14
DW147,s0600070,2,4,945273.6318
DW147,s0600070,2,5,1006289.308
DW147,s0600070,2,6,770370.3704
DW147,s0010070,2,1,1842546.064
DW147,s0010070,2,2,1433506.045
DW147,s0010070,2,3,1037735.849
DW147,s0010070,2,4,1203703.704
DW147,s0010070,2,5,1509121.061
DW147,s0010070,2,6,1442307.692
DW147,s0002070,2,1,1078431.373
DW147,s0002070,2,2,1258865.248
DW147,s0002070,2,3,971014.4928
DW147,s0002070,2,4,697674.4186
DW147,s0002070,2,5,812603.6484
DW147,s0002070,2,6,672514.6199
DW147,s0000470,2,1,410742.4961
DW147,s0000470,2,2,396039.604
DW147,s0000470,2,3,277777.7778
DW147,s0000470,2,4,348484.8485
DW147,s0000470,2,5,363036.3036
DW147,s0000470,2,6,309423.3474
DW147,s0000075,2,1,511756.5698
DW147,s0000075,2,2,561594.2029
DW147,s0000075,2,3,784313.7255
DW147,s0000075,2,4,407239.819
DW147,s0000075,2,5,273504.2735
DW147,s0000075,2,6,185185.1852
DW147,s3600070,3,1,484094.0526
DW147,s3600070,3,2,549645.3901
DW147,s3600070,3,3,400572.2461
DW147,s3600070,3,4,242424.2424
DW147,s3600070,3,5,216216.2162
DW147,s3010070,3,1,497737.5566
DW147,s3010070,3,2,479166.6667
DW147,s3010070,3,3,366826.1563
DW147,s3010070,3,4,343137.2549
DW147,s3010070,3,5,187793.4272
DW147,s3002070,3,1,598290.5983
DW147,s3002070,3,2,227642.2764
DW147,s3002070,3,3,237037.037
DW147,s3002070,3,4,250391.2363
DW147,s3002070,3,5,259740.2597
DW147,s3000470,3,1,358974.359
DW147,s3000470,3,2,153846.1538
DW147,s3000470,3,3,293685.7562
DW147,s3000470,3,4,116086.2355
DW147,s3000470,3,5,212121.2121
DW147,s3000075,3,1,250712.2507
DW147,s3000075,3,2,185550.0821
DW147,s3000075,3,3,213709.6774
DW147,s3000075,3,4,213953.4884
DW147,s3000075,3,5,189054.7264
DW147,s0610070,3,1,669683.2579
DW147,s0610070,3,2,634848.4848
DW147,s0610070,3,3,497487.4372
DW147,s0610070,3,4,1202836.879
DW147,s0610070,3,5,1059581.32
DW147,s0602070,3,1,661458.3333
DW147,s0602070,3,2,704323.5704
DW147,s0602070,3,3,917748.9177
DW147,s0602070,3,4,797788.3096
DW147,s0602070,3,5,912979.351
DW147,s0600470,3,1,525114.1553
DW147,s0600470,3,2,375917.768
DW147,s0600470,3,3,420560.7477
DW147,s0600470,3,4,333333.3333
DW147,s0600470,3,5,362601.626
DW147,s0600075,3,1,612855.0075
DW147,s0600075,3,2,1072796.935
DW147,s0600075,3,3,979462.8752
DW147,s0600075,3,4,805687.2038
DW147,s0600075,3,5,905982.906
DW147,s0012070,3,1,1229946.524
DW147,s0012070,3,2,1881188.119
DW147,s0012070,3,3,1326699.834
DW147,s0012070,3,4,808080.8081
DW147,s0012070,3,5,1022012.579
DW147,s0010470,3,1,409604.5198
DW147,s0010470,3,2,320150.6591
DW147,s0010470,3,3,478632.4786
DW147,s0010470,3,4,341880.3419
DW147,s0010470,3,5,440917.1076
DW147,s0010075,3,1,862453.5316
DW147,s0010075,3,2,772486.7725
DW147,s0010075,3,3,545871.5596
DW147,s0010075,3,4,794156.7065
DW147,s0010075,3,5,634768.74
DW147,s0002470,3,1,771708.6835
DW147,s0002470,3,2,632996.633
DW147,s0002470,3,3,819182.3899
DW147,s0002470,3,4,622807.0175
DW147,s0002470,3,5,675555.5556
DW147,s0002075,3,1,315126.0504
DW147,s0002075,3,2,560157.7909
DW147,s0002075,3,3,408369.4084
DW147,s0002075,3,4,373397.4359
DW147,s0002075,3,5,471645.9198
DW147,s0000475,3,1,298449.6124
DW147,s0000475,3,2,241904.7619
DW147,s0000475,3,3,234767.0251
DW147,s0000475,3,4,480392.1569
DW147,s0000475,3,5,535444.9472
DW147,s3610070,4,1,21138.21138
DW147,s3610070,4,2,273224.0437
DW147,s3610070,4,3,109546.1659
DW147,s3610070,4,4,141509.434
DW147,s3610070,4,5,226537.2168
DW147,s3602070,4,1,430107.5269
DW147,s3602070,4,2,497512.4378
DW147,s3602070,4,3,209643.6059
DW147,s3602070,4,4,380116.9591
DW147,s3602070,4,5,341085.2713
DW147,s3600470,4,1,225442.8341
DW147,s3600470,4,2,434027.7778
DW147,s3600470,4,3,431177.4461
DW147,s3600470,4,4,312500
DW147,s3600470,4,5,265957.4468
DW147,s3600075,4,1,186781.6092
DW147,s3600075,4,2,263157.8947
DW147,s3600075,4,3,344827.5862
DW147,s3600075,4,4,180995.4751
DW147,s3600075,4,5,294573.6434
DW147,s3012070,4,1,740740.7407
DW147,s3012070,4,2,627450.9804
DW147,s3012070,4,3,316205.5336
DW147,s3012070,4,4,736842.1053
DW147,s3012070,4,5,588235.2941
DW147,s3010470,4,1,165745.8564
DW147,s3010470,4,2,157068.0628
DW147,s3010470,4,3,272373.5409
DW147,s3010470,4,4,191972.0768
DW147,s3010470,4,5,199004.9751
DW147,s3010075,4,1,158730.1587
DW147,s3010075,4,2,261437.9085
DW147,s3010075,4,3,213464.6962
DW147,s3010075,4,4,221169.0363
DW147,s3010075,4,5,211382.1138
DW147,s3002470,4,1,347551.3428
DW147,s3002470,4,2,435435.4354
DW147,s3002470,4,3,70028.0112
DW147,s3002470,4,4,251256.2814
DW147,s3002470,4,5,276422.7642
DW147,s3002075,4,1,375375.3754
DW147,s3002075,4,2,279329.6089
DW147,s3002075,4,3,193452.381
DW147,s3002075,4,4,283018.8679
DW147,s3002075,4,5,239410.6814
DW147,s3000475,4,1,207407.4074
DW147,s3000475,4,2,213464.6962
DW147,s3000475,4,3,136986.3014
DW147,s3000475,4,4,217054.2636
DW147,s3000475,4,5,209339.7746
DW147,s0612070,4,1,1259968.102
DW147,s0612070,4,2,906148.8673
DW147,s0612070,4,3,1339155.75
DW147,s0612070,4,4,1333333.333
DW147,s0612070,4,5,1014492.754
DW147,s0610470,4,1,523114.3552
DW147,s0610470,4,2,573643.4109
DW147,s0610470,4,3,303030.303
DW147,s0610470,4,4,506912.4424
DW147,s0610470,4,5,390625
DW147,s0610075,4,1,646258.5034
DW147,s0610075,4,2,994764.3979
DW147,s0610075,4,3,634920.6349
DW147,s0610075,4,4,606060.6061
DW147,s0610075,4,5,950000
DW147,s0602470,4,1,1341991.342
DW147,s0602470,4,2,1256830.601
DW147,s0602470,4,3,735294.1176
DW147,s0602470,4,4,1327561.328
DW147,s0602470,4,5,864864.8649
DW147,s0602075,4,1,653061.2245
DW147,s0602075,4,2,383141.7625
DW147,s0602075,4,3,471544.7154
DW147,s0602075,4,4,915593.7053
DW147,s0602075,4,5,724637.6812
DW147,s0600475,4,1,540540.5405
DW147,s0600475,4,2,298507.4627
DW147,s0600475,4,3,511551.1551
DW147,s0600475,4,4,341463.4146
DW147,s0600475,4,5,545171.3396
DW147,s0012470,4,1,1379310.345
DW147,s0012470,4,2,1686274.51
DW147,s0012470,4,3,1257485.03
DW147,s0012470,4,4,1821705.426
DW147,s0012470,4,5,1270718.232
DW147,s0012075,4,1,817307.6923
DW147,s0012075,4,2,742971.8876
DW147,s0012075,4,3,860927.1523
DW147,s0012075,4,4,833333.3333
DW147,s0012075,4,5,928270.0422
DW147,s0010475,4,1,566037.7358
DW147,s0010475,4,2,425531.9149
DW147,s0010475,4,3,409683.4264
DW147,s0010475,4,4,471204.1885
DW147,s0010475,4,5,495238.0952
DW147,s0002475,4,1,523809.5238
DW147,s0002475,4,2,483333.3333
DW147,s0002475,4,3,255009.1075
DW147,s0002475,4,4,511551.1551
DW147,s0002475,4,5,486486.4865
DW147,s3612070,5,1,234948.605
DW147,s3612070,5,2,250896.0573
DW147,s3612070,5,3,236966.8246
DW147,s3612070,5,4,230414.7465
DW147,s3612070,5,5,261780.1047
DW147,s3610470,5,1,235690.2357
DW147,s3610470,5,2,247524.7525
DW147,s3610470,5,3,221300.1383
DW147,s3610470,5,4,182421.2272
DW147,s3610470,5,5,235849.0566
DW147,s3610075,5,1,321750.3218
DW147,s3610075,5,2,281923.7148
DW147,s3610075,5,3,326241.1348
DW147,s3610075,5,4,337552.7426
DW147,s3610075,5,5,205371.248
DW147,s3602470,5,1,230496.4539
DW147,s3602470,5,2,457227.1386
DW147,s3602470,5,3,377604.1667
DW147,s3602470,5,4,209523.8095
DW147,s3602470,5,5,274170.2742
DW147,s3602075,5,1,305676.8559
DW147,s3602075,5,2,198198.1982
DW147,s3602075,5,3,288600.2886
DW147,s3602075,5,4,167427.7017
DW147,s3602075,5,5,331588.1326
DW147,s3600475,5,1,113268.6084
DW147,s3600475,5,2,204402.5157
DW147,s3600475,5,3,192592.5926
DW147,s3600475,5,4,136752.1368
DW147,s3600475,5,5,207407.4074
DW147,s3012470,5,1,307443.3657
DW147,s3012470,5,2,434108.5271
DW147,s3012470,5,3,373443.9834
DW147,s3012470,5,4,166666.6667
DW147,s3012470,5,5,228310.5023
DW147,s3012075,5,1,144230.7692
DW147,s3012075,5,2,270727.5804
DW147,s3012075,5,3,229885.0575
DW147,s3012075,5,4,225442.8341
DW147,s3012075,5,5,170068.0272
DW147,s3010475,5,1,119760.479
DW147,s3010475,5,2,115511.5512
DW147,s3010475,5,3,113475.1773
DW147,s3010475,5,4,175438.5965
DW147,s3010475,5,5,128205.1282
DW147,s3002475,5,1,157977.8831
DW147,s3002475,5,2,333333.3333
DW147,s3002475,5,3,230880.2309
DW147,s3002475,5,4,178861.7886
DW147,s3002475,5,5,307971.0145
DW147,s0612470,5,1,1501501.502
DW147,s0612470,5,2,1682389.937
DW147,s0612470,5,3,1574803.15
DW147,s0612470,5,4,1168831.169
DW147,s0612470,5,5,1306901.615
DW147,s0612075,5,1,694444.4444
DW147,s0612075,5,2,771604.9383
DW147,s0612075,5,3,632716.0494
DW147,s0612075,5,4,877192.9825
DW147,s0612075,5,5,872274.1433
DW147,s0610475,5,1,165837.4793
DW147,s0610475,5,2,252764.613
DW147,s0610475,5,3,187793.4272
DW147,s0610475,5,4,400000
DW147,s0610475,5,5,568720.3791
DW147,s0602475,5,1,1342592.593
DW147,s0602475,5,2,458135.861
DW147,s0602475,5,3,849673.2026
DW147,s0602475,5,4,418535.1271
DW147,s0602475,5,5,617283.9506
DW147,s0012475,5,1,545808.9669
DW147,s0012475,5,2,638888.8889
DW147,s0012475,5,3,841269.8413
DW147,s0012475,5,4,403508.7719
DW147,s0012475,5,5,590909.0909
DW147,s3612470,6,1,354938.2716
DW147,s3612470,6,2,226244.3439
DW147,s3612470,6,3,392156.8627
DW147,s3612470,6,4,294573.6434
DW147,s3612470,6,5,289193.3029
DW147,s3612075,6,1,258751.9026
DW147,s3612075,6,2,232172.471
DW147,s3612075,6,3,155440.4145
DW147,s3612075,6,4,232558.1395
DW147,s3612075,6,5,201005.0251
DW147,s3610475,6,1,107526.8817
DW147,s3610475,6,2,272108.8435
DW147,s3610475,6,3,214521.4521
DW147,s3610475,6,4,166666.6667
DW147,s3610475,6,5,303030.303
DW147,s3602475,6,1,166666.6667
DW147,s3602475,6,2,263157.8947
DW147,s3602475,6,3,161290.3226
DW147,s3602475,6,4,185185.1852
DW147,s3602475,6,5,213836.478
DW147,s3012475,6,1,166666.6667
DW147,s3012475,6,2,251256.2814
DW147,s3012475,6,3,235439.9009
DW147,s3012475,6,4,162601.626
DW147,s3012475,6,5,306122.449
DW147,s0612475,6,1,442600.2766
DW147,s0612475,6,2,508771.9298
DW147,s0612475,6,3,658263.3053
DW147,s0612475,6,4,510638.2979
DW147,s0612475,6,5,577557.7558
DW147,s3612475,7,1,238095.2381
DW147,s3612475,7,2,240549.8282
DW147,s3612475,7,3,315955.7662
DW147,s3612475,7,4,221354.1667
DW147,s3612475,7,5,235507.2464
DW147,s3612475,7,6,202020.202
DW147,s3612475,7,7,225694.4444
DW147,s3612475,7,8,219780.2198
DW147,s3612475,7,9,212014.1343
DW155,s0000005,1,1,1183333.333
DW155,s0000005,1,2,1526315.789
DW155,s0000005,1,3,1235955.056
DW155,s0000005,1,4,1199134.199
DW155,s0000005,1,5,1748677.249
DW155,s0000005,1,6,1278431.373
DW155,s0000005,1,7,1477192.982
DW155,s0000005,1,8,1329268.293
DW155,s0000005,1,9,1432029.795
DW155,s3000005,2,1,81128.7478
DW155,s3000005,2,2,81481.48148
DW155,s3000005,2,3,67765.56777
DW155,s3000005,2,4,71729.95781
DW155,s3000005,2,5,93802.34506
DW155,s3000005,2,6,92105.26316
DW155,s0600005,2,1,1560283.688
DW155,s0600005,2,2,1772357.724
DW155,s0600005,2,3,1994750.656
DW155,s0600005,2,4,1078703.704
DW155,s0600005,2,5,1443243.243
DW155,s0600005,2,6,1375968.992
DW155,s0010005,2,1,1076233.184
DW155,s0010005,2,2,829346.0925
DW155,s0010005,2,3,1626409.018
DW155,s0010005,2,4,991452.9915
DW155,s0010005,2,5,1859154.93
DW155,s0010005,2,6,887125.2205
DW155,s0002005,2,1,734126.9841
DW155,s0002005,2,2,613026.8199
DW155,s0002005,2,3,618762.475
DW155,s0002005,2,4,398422.0907
DW155,s0002005,2,5,540084.3882
DW155,s0002005,2,6,1032338.308
DW155,s0000405,2,1,562632.6964
DW155,s0000405,2,2,499330.656
DW155,s0000405,2,3,653631.2849
DW155,s0000405,2,4,502164.5022
DW155,s0000405,2,5,393063.5838
DW155,s0000405,2,6,490968.8013
DW155,s0000075,2,1,121715.0761
DW155,s0000075,2,2,692028.9855
DW155,s0000075,2,3,317290.5526
DW155,s0000075,2,4,472096.5309
DW155,s0000075,2,5,523076.9231
DW155,s0000075,2,6,521885.5219
DW155,s3600005,3,1,113725.4902
DW155,s3600005,3,2,382716.0494
DW155,s3600005,3,3,125960.0614
DW155,s3600005,3,4,186868.6869
DW155,s3600005,3,5,213270.1422
DW155,s3010005,3,1,186915.8879
DW155,s3010005,3,2,92369.47791
DW155,s3010005,3,3,116104.8689
DW155,s3010005,3,4,168269.2308
DW155,s3010005,3,5,108007.4488
DW155,s3002005,3,1,183421.5168
DW155,s3002005,3,2,81904.7619
DW155,s3002005,3,3,298429.3194
DW155,s3002005,3,4,215588.7231
DW155,s3002005,3,5,189629.6296
DW155,s3000405,3,1,274914.0893
DW155,s3000405,3,2,98445.59585
DW155,s3000405,3,3,99502.48756
DW155,s3000405,3,4,167479.6748
DW155,s3000405,3,5,153364.6322
DW155,s3000075,3,1,141025.641
DW155,s3000075,3,2,114942.5287
DW155,s3000075,3,3,150537.6344
DW155,s3000075,3,4,159689.9225
DW155,s3000075,3,5,101160.8624
DW155,s0610005,3,1,1231391.586
DW155,s0610005,3,2,1844322.344
DW155,s0610005,3,3,1481848.185
DW155,s0610005,3,4,1684210.526
DW155,s0610005,3,5,1410385.26
DW155,s0602005,3,1,449035.8127
DW155,s0602005,3,2,745098.0392
DW155,s0602005,3,3,508021.3904
DW155,s0602005,3,4,610032.3625
DW155,s0602005,3,5,509598.6038
DW155,s0600405,3,1,353233.8308
DW155,s0600405,3,2,218604.6512
DW155,s0600405,3,3,415364.5833
DW155,s0600405,3,4,455505.279
DW155,s0600405,3,5,355000
DW155,s0600075,3,1,497757.8475
DW155,s0600075,3,2,611111.1111
DW155,s0600075,3,3,573459.7156
DW155,s0600075,3,4,646129.5419
DW155,s0600075,3,5,482051.2821
DW155,s0012005,3,1,540350.8772
DW155,s0012005,3,2,518737.6726
DW155,s0012005,3,3,500000
DW155,s0012005,3,4,632478.6325
DW155,s0012005,3,5,533333.3333
DW155,s0010405,3,1,296491.2281
DW155,s0010405,3,2,411545.6238
DW155,s0010405,3,3,539007.0922
DW155,s0010405,3,4,393617.0213
DW155,s0010405,3,5,571969.697
DW155,s0010075,3,1,261462.2057
DW155,s0010075,3,2,187830.6878
DW155,s0010075,3,3,238532.1101
DW155,s0010075,3,4,203187.251
DW155,s0010075,3,5,236044.6571
DW155,s0002405,3,1,687037.037
DW155,s0002405,3,2,365811.9658
DW155,s0002405,3,3,494565.2174
DW155,s0002405,3,4,576530.6122
DW155,s0002405,3,5,422459.893
DW155,s0002075,3,1,161064.4258
DW155,s0002075,3,2,380670.6114
DW155,s0002075,3,3,246753.2468
DW155,s0002075,3,4,277243.5897
DW155,s0002075,3,5,264177.0401
DW155,s0000475,3,1,733850.1292
DW155,s0000475,3,2,339047.619
DW155,s0000475,3,3,220430.1075
DW155,s0000475,3,4,483660.1307
DW155,s0000475,3,5,422322.7753
DW155,s3610005,4,1,62378.16764
DW155,s3610005,4,2,114180.4788
DW155,s3610005,4,3,45925.92593
DW155,s3610005,4,4,60773.48066
DW155,s3610005,4,5,102420.8566
DW155,s3602005,4,1,193973.6347
DW155,s3602005,4,2,122448.9796
DW155,s3602005,4,3,142322.0974
DW155,s3602005,4,4,187845.3039
DW155,s3602005,4,5,132275.1323
DW155,s3600405,4,1,176975.945
DW155,s3600405,4,2,239795.9184
DW155,s3600405,4,3,233511.5865
DW155,s3600405,4,4,185185.1852
DW155,s3600405,4,5,215986.3946
DW155,s3600075,4,1,163793.1034
DW155,s3600075,4,2,78947.36842
DW155,s3600075,4,3,142857.1429
DW155,s3600075,4,4,144796.3801
DW155,s3600075,4,5,111627.907
DW155,s3012005,4,1,56122.44898
DW155,s3012005,4,2,74074.07407
DW155,s3012005,4,3,125490.1961
DW155,s3012005,4,4,101587.3016
DW155,s3012005,4,5,71684.58781
DW155,s3010405,4,1,173539.5189
DW155,s3010405,4,2,169724.7706
DW155,s3010405,4,3,139784.9462
DW155,s3010405,4,4,159203.9801
DW155,s3010405,4,5,160256.4103
DW155,s3010075,4,1,53968.25397
DW155,s3010075,4,2,58823.52941
DW155,s3010075,4,3,34482.75862
DW155,s3010075,4,4,48973.14376
DW155,s3010075,4,5,60162.60163
DW155,s3002405,4,1,199600.7984
DW155,s3002405,4,2,338919.9255
DW155,s3002405,4,3,333333.3333
DW155,s3002405,4,4,116959.0643
DW155,s3002405,4,5,198198.1982
DW155,s3002075,4,1,324324.3243
DW155,s3002075,4,2,83798.88268
DW155,s3002075,4,3,303571.4286
DW155,s3002075,4,4,275157.2327
DW155,s3002075,4,5,132596.6851
DW155,s3000475,4,1,277037.037
DW155,s3000475,4,2,467980.2956
DW155,s3000475,4,3,156773.2116
DW155,s3000475,4,4,206201.5504
DW155,s3000475,4,5,336553.9452
DW155,s0612005,4,1,1148717.949
DW155,s0612005,4,2,621794.8718
DW155,s0612005,4,3,295900.1783
DW155,s0612005,4,4,781094.5274
DW155,s0612005,4,5,527777.7778
DW155,s0610405,4,1,331641.286
DW155,s0610405,4,2,431952.6627
DW155,s0610405,4,3,213498.6226
DW155,s0610405,4,4,257826.8877
DW155,s0610405,4,5,384210.5263
DW155,s0610075,4,1,1088435.374
DW155,s0610075,4,2,865619.5462
DW155,s0610075,4,3,269841.2698
DW155,s0610075,4,4,939393.9394
DW155,s0610075,4,5,526666.6667
DW155,s0602405,4,1,617597.2927
DW155,s0602405,4,2,377235.7724
DW155,s0602405,4,3,356666.6667
DW155,s0602405,4,4,343283.5821
DW155,s0602405,4,5,684126.9841
DW155,s0602075,4,1,96598.63946
DW155,s0602075,4,2,1139846.743
DW155,s0602075,4,3,546341.4634
DW155,s0602075,4,4,213161.6595
DW155,s0602075,4,5,748188.4058
DW155,s0600475,4,1,291891.8919
DW155,s0600475,4,2,598673.3002
DW155,s0600475,4,3,980198.0198
DW155,s0600475,4,4,453658.5366
DW155,s0600475,4,5,733644.8598
DW155,s0012405,4,1,588571.4286
DW155,s0012405,4,2,1359698.682
DW155,s0012405,4,3,480438.1847
DW155,s0012405,4,4,623655.914
DW155,s0012405,4,5,420361.2479
DW155,s0012075,4,1,538461.5385
DW155,s0012075,4,2,259036.1446
DW155,s0012075,4,3,322295.8057
DW155,s0012075,4,4,237804.878
DW155,s0012075,4,5,381856.5401
DW155,s0010475,4,1,331761.0063
DW155,s0010475,4,2,315602.8369
DW155,s0010475,4,3,681564.2458
DW155,s0010475,4,4,315881.3264
DW155,s0010475,4,5,689523.8095
DW155,s0002475,4,1,376190.4762
DW155,s0002475,4,2,361666.6667
DW155,s0002475,4,3,670309.6539
DW155,s0002475,4,4,478547.8548
DW155,s0002475,4,5,830630.6306
DW155,s3612005,5,1,70175.4386
DW155,s3612005,5,2,57189.54248
DW155,s3612005,5,3,67567.56757
DW155,s3612005,5,4,86821.70543
DW155,s3612005,5,5,58295.96413
DW155,s3610405,5,1,146739.1304
DW155,s3610405,5,2,146520.1465
DW155,s3610405,5,3,104868.9139
DW155,s3610405,5,4,118518.5185
DW155,s3610405,5,5,143097.6431
DW155,s3610075,5,1,34749.03475
DW155,s3610075,5,2,81260.36484
DW155,s3610075,5,3,69503.5461
DW155,s3610075,5,4,53445.85091
DW155,s3610075,5,5,181674.5656
DW155,s3602405,5,1,258503.4014
DW155,s3602405,5,2,184057.971
DW155,s3602405,5,3,260073.2601
DW155,s3602405,5,4,213333.3333
DW155,s3602405,5,5,251256.2814
DW155,s3602075,5,1,318777.2926
DW155,s3602075,5,2,264864.8649
DW155,s3602075,5,3,295815.2958
DW155,s3602075,5,4,299847.793
DW155,s3602075,5,5,239092.4956
DW155,s3600475,5,1,195792.8803
DW155,s3600475,5,2,152515.7233
DW155,s3600475,5,3,182222.2222
DW155,s3600475,5,4,205128.2051
DW155,s3600475,5,5,148148.1481
DW155,s3012405,5,1,156626.506
DW155,s3012405,5,2,286995.5157
DW155,s3012405,5,3,101910.828
DW155,s3012405,5,4,225538.9718
DW155,s3012405,5,5,287179.4872
DW155,s3012075,5,1,56089.74359
DW155,s3012075,5,2,38917.08968
DW155,s3012075,5,3,53160.91954
DW155,s3012075,5,4,133655.3945
DW155,s3012075,5,5,122448.9796
DW155,s3010475,5,1,119760.479
DW155,s3010475,5,2,155115.5116
DW155,s3010475,5,3,134751.773
DW155,s3010475,5,4,111111.1111
DW155,s3010475,5,5,128205.1282
DW155,s3002475,5,1,219589.2575
DW155,s3002475,5,2,212962.963
DW155,s3002475,5,3,202020.202
DW155,s3002475,5,4,224390.2439
DW155,s3002475,5,5,242753.6232
DW155,s0612405,5,1,364261.1684
DW155,s0612405,5,2,463541.6667
DW155,s0612405,5,3,542087.5421
DW155,s0612405,5,4,542635.6589
DW155,s0612405,5,5,240981.241
DW155,s0612075,5,1,171875
DW155,s0612075,5,2,162037.037
DW155,s0612075,5,3,191358.0247
DW155,s0612075,5,4,226315.7895
DW155,s0612075,5,5,213395.6386
DW155,s0610475,5,1,150912.1061
DW155,s0610475,5,2,364928.91
DW155,s0610475,5,3,408450.7042
DW155,s0610475,5,4,185000
DW155,s0610475,5,5,436018.9573
DW155,s0602475,5,1,949074.0741
DW155,s0602475,5,2,470774.0916
DW155,s0602475,5,3,439542.4837
DW155,s0602475,5,4,503736.9208
DW155,s0602475,5,5,1126543.21
DW155,s0012475,5,1,497076.0234
DW155,s0012475,5,2,355555.5556
DW155,s0012475,5,3,742857.1429
DW155,s0012475,5,4,857894.7368
DW155,s0012475,5,5,296969.697
DW155,s3612405,6,1,163003.663
DW155,s3612405,6,2,185823.7548
DW155,s3612405,6,3,187719.2982
DW155,s3612405,6,4,131782.9457
DW155,s3612405,6,5,233974.359
DW155,s3612405,6,6,105646.6302
DW155,s3612405,6,7,165837.4793
DW155,s3612405,6,8,131826.742
DW155,s3612405,6,9,192982.4561
DW155,s3612405,6,10,131868.1319
DW155,s3612405,6,11,134099.6169
DW155,s3612405,6,12,241496.5986
DW155,s3612075,6,1,38051.75038
DW155,s3612075,6,2,51409.61857
DW155,s3612075,6,3,65630.39724
DW155,s3612075,6,4,57364.34109
DW155,s3612075,6,5,72026.80067
DW155,s3610475,6,1,190476.1905
DW155,s3610475,6,2,166666.6667
DW155,s3610475,6,3,127062.7063
DW155,s3610475,6,4,174242.4242
DW155,s3610475,6,5,173400.6734
DW155,s3602475,6,1,351666.6667
DW155,s3602475,6,2,268170.4261
DW155,s3602475,6,3,174731.1828
DW155,s3602475,6,4,296296.2963
DW155,s3602475,6,5,339622.6415
DW155,s3012475,6,1,173333.3333
DW155,s3012475,6,2,192629.8157
DW155,s3012475,6,3,337050.8055
DW155,s3012475,6,4,170731.7073
DW155,s3012475,6,5,272108.8435
DW155,s0612475,6,1,677731.6736
DW155,s0612475,6,2,328070.1754
DW155,s0612475,6,3,501400.5602
DW155,s0612475,6,4,628368.7943
DW155,s0612475,6,5,442244.2244
DW155,s3612475,7,1,64425.77031
DW155,s3612475,7,2,99656.35739
DW155,s3612475,7,3,146919.4313
DW155,s3612475,7,4,135416.6667
DW155,s3612475,7,5,114130.4348
DW155,s3612475,7,6,126984.127
DW155,s3612475,7,7,133680.5556
DW155,s3612475,7,8,119047.619
DW155,s3612475,7,9,138987.0436
