"strain","system","nspecies","cfu","sd","n_rep","Dunnett_t","Dunnett_p","groups"
"DW039","s3000000",1,6.55341823527653,0.0544127053466531,9,NA,NA,"abcd"
"DW039","s3002000",2,5.81296731210787,0.323948632644297,6,-12.9836854930302,0,"p"
"DW039","s3000400",2,5.94651488727506,0.27824527959065,6,-10.6419506662203,0,"mnop"
"DW039","s3000070",2,6.38406948181624,0.11877881174791,6,-2.9695026162649,0.125597979500495,"cdefg"
"DW039","s3600000",2,6.54976555306857,0.0412420963017606,6,-0.0640491834237237,1,"abcde"
"DW039","s3010000",2,6.61699963057539,0.0428341268982008,6,1.11488933829081,0.999992553270453,"abc"
"DW039","s3000005",2,6.62528967186263,0.0420208950333716,6,1.26025385257524,0.99978873549841,"abc"
"DW039","s3002400",3,5.75495918888564,0.0593496634445052,5,-13.2295582364481,0,"pq"
"DW039","s3012000",3,6.00432683908895,0.0653218421129892,5,-9.09781990176111,3.33066907387547e-16,"jklmnop"
"DW039","s3600400",3,5.97590557569224,0.0546725290124393,5,-9.5687279100801,0,"klmnop"
"DW039","s3010400",3,5.91503449381696,0.0869306913354502,5,-10.5772925023715,0,"nop"
"DW039","s3000470",3,5.53810500009475,0.199934963396931,5,-16.8225854961361,0,"q"
"DW039","s3002070",3,5.77239419921857,0.145150550735361,5,-12.9406799457016,0,"pq"
"DW039","s3600070",3,6.29484327444744,0.0390037260406091,5,-4.28429299941969,0.00145159751562496,"defghi"
"DW039","s3002005",3,6.37231074642324,0.0386157834795037,5,-3.00074509979134,0.115801974285372,"cdefgh"
"DW039","s3000075",3,6.45819829291418,0.0216825895779132,5,-1.5776861423864,0.982659757336154,"abcdef"
"DW039","s3610000",3,6.64566152339579,0.0453078782568283,5,1.52836636720608,0.989377473852435,"abc"
"DW039","s3602000",3,6.22064921949126,0.0602108028269474,5,-5.51360410219664,4.21214106716139e-06,"fghijkl"
"DW039","s3010070",3,6.32982228084974,0.0300266614212716,5,-3.70473064823327,0.0134530255285699,"defgh"
"DW039","s3000405",3,6.10415248272159,0.0594210095712251,5,-7.44382252782139,5.58471047185094e-11,"hijklmno"
"DW039","s3600005",3,6.41966388398309,0.0492650822064266,5,-2.2161574695826,0.593858355406352,"bcdef"
"DW039","s3010005",3,6.69370012082785,0.043397151818759,5,2.32431128785961,0.502436803169658,"ab"
"DW039","s3010470",4,6.00813701057844,0.0921619342089175,5,-9.03468969384517,1.11022302462516e-16,"jklmnop"
"DW039","s3002470",4,5.79736761065014,0.133816298812583,5,-12.52689892288,0,"pq"
"DW039","s3000475",4,6.11665933376836,0.0734207201480487,5,-7.23659823118936,7.82158782186571e-11,"ghijklmno"
"DW039","s3600470",4,5.91722624177608,0.065182452662701,5,-10.5409777315692,0,"nop"
"DW039","s3612000",4,6.20297492478935,0.0663926878559871,5,-5.80644706277672,8.5898710167065e-07,"fghijklm"
"DW039","s3610400",4,5.92149461019119,0.0766932222307326,5,-10.4702557217459,0,"mnop"
"DW039","s3602070",4,5.90837272338849,0.0803470847457965,5,-10.6876704613159,0,"nop"
"DW039","s3002075",4,6.25452527686092,0.160461462952367,5,-4.95231636199389,6.72595899400275e-05,"fghijk"
"DW039","s3602400",4,5.98124788334967,0.0731429708942662,5,-9.48021194850325,0,"klmnop"
"DW039","s3012070",4,5.93364116796313,0.103404255641828,5,-10.2690010748825,0,"mnop"
"DW039","s3600075",4,6.57550163526332,0.122903568330398,5,0.365896820262141,1,"abcd"
"DW039","s3610070",4,6.41355072785342,0.200369025984191,5,-2.31744551358613,0.508216186584202,"bcdef"
"DW039","s3600405",4,6.22455005434405,0.0860410275607438,5,-5.44897170547057,5.50812998267869e-06,"fghijkl"
"DW039","s3012005",4,6.43468253682982,0.0611475769639005,5,-1.96731547403265,0.803305890666455,"bcdef"
"DW039","s3610005",4,6.72790705822646,0.0653139143930044,5,2.8910813338012,0.153512731356578,"a"
"DW039","s3602005",4,6.27459092558202,0.109129038759106,5,-4.61985138522663,0.000340913220774453,"efghij"
"DW039","s3002405",4,6.37445999727957,0.11270803386646,5,-2.96513445764618,0.127055777037874,"cdefgh"
"DW039","s3012400",4,6.1020018448182,0.0933709094645267,5,-7.47945615175865,4.2052139548332e-11,"hijklmno"
"DW039","s3010405",4,6.18766714144168,0.0575140807619292,5,-6.06007962187199,1.83534756503789e-07,"fghijklmn"
"DW039","s3010075",4,6.64797762764993,0.176094309005293,5,1.5667415803748,0.984370405133979,"abc"
"DW039","s3600475",5,5.91850656423019,0.0627055116832657,5,-10.5197642447351,0,"nop"
"DW039","s3002475",5,5.93911213537673,0.0417959715019228,5,-10.1783533674828,0,"mnop"
"DW039","s3010475",5,6.02278240183185,0.0688188701227278,5,-8.79203221835119,3.77475828372553e-15,"ijklmnop"
"DW039","s3612070",5,5.78027777695034,0.0846290371459437,5,-12.8100580294174,0,"pq"
"DW039","s3610470",5,5.74865347567011,0.0715493902129432,5,-13.3340367323513,0,"pq"
"DW039","s3012470",5,5.84231972528417,0.138107979733544,5,-11.7820935116439,0,"op"
"DW039","s3012075",5,6.00716175935259,0.0681275416079043,5,-9.05084849741292,4.44089209850063e-16,"jklmnop"
"DW039","s3602470",5,5.77829353210242,0.135059769958604,5,-12.8429347096799,0,"pq"
"DW039","s3612400",5,6.09826276439167,0.0606366492388422,5,-7.54140846161997,1.41325839919659e-11,"hijklmno"
"DW039","s3602075",5,5.81287322194326,0.0583455584197561,5,-12.2699885797368,0,"pq"
"DW039","s3612005",5,6.22562572728467,0.0602046070363974,5,-5.4311490283082,7.44681628572774e-06,"fghijkl"
"DW039","s3602405",5,6.24802137818088,0.132960524006202,5,-5.06007856562898,5.09800715805531e-05,"fghijkl"
"DW039","s3012405",5,6.23316894927291,0.110269946858377,5,-5.30616641957575,1.34334286620019e-05,"fghijkl"
"DW039","s3610405",5,6.33693218790545,0.0750412903390714,5,-3.58692757508334,0.0198558710126999,"defgh"
"DW039","s3610075",5,6.5511166131593,0.0648517226866931,5,-0.0381352606321084,1,"abcde"
"DW039","s3612470",6,5.76131337330324,0.0810807205118213,5,-13.1242766278576,0,"pq"
"DW039","s3610475",6,5.9666852014792,0.0798581796948022,5,-9.72149902359504,0,"lmnop"
"DW039","s3602475",6,6.02131752059778,0.118214975647915,5,-8.81630363425309,4.21884749357559e-15,"ijklmnop"
"DW039","s3012475",6,6.11474682433566,0.0708278764960725,5,-7.26828633721315,1.62546864856949e-10,"ghijklmno"
"DW039","s3612075",6,6.23693103997921,0.110663595051777,5,-5.24383285555042,2.08862323951564e-05,"fghijkl"
"DW039","s3612405",6,6.34471416075749,0.103239527331484,12,-4.37404871766687,0.00096906544590325,"defgh"
"DW039","s3612475",7,6.06672392539574,0.130332540600476,9,-9.54141934042286,2.22044604925031e-16,"ijklmno"
"DW067","s0600000",1,5.70800303590963,0.066480741020744,9,NA,NA,"ab"
"DW067","s3600000",2,5.01206792662249,0.128214396564725,6,-11.579636123703,0,"nopq"
"DW067","s0600005",2,5.63245437693039,0.0898769050964524,6,-1.25705107981914,0.999802629609252,"abcde"
"DW067","s0600070",2,5.6018566933238,0.0670148266124532,6,-1.76616469927048,0.925895547650439,"abcdef"
"DW067","s0600400",2,5.32223960111195,0.169202188109693,6,-6.41870218239549,2.75727325416142e-08,"ghijklm"
"DW067","s0610000",2,5.84242246055188,0.0924044839938424,6,2.23659936758904,0.576578387414258,"a"
"DW067","s0602000",2,5.58764290959171,0.128651992111453,6,-2.00266727165429,0.774569578053112,"abcdefg"
"DW067","s0600470",3,5.24623389995535,0.0762640548060264,5,-7.26009086377307,1.41978206968929e-10,"hijklmno"
"DW067","s3602000",3,5.16805000448282,0.0652610949691839,5,-8.48932456740996,1.70974345792274e-14,"ijklmno"
"DW067","s3610000",3,5.18520013014947,0.0655151470866102,5,-8.21968447895385,1.36779476633819e-13,"ijklmno"
"DW067","s3600400",3,5.01019233457891,0.134973786609108,5,-10.9712163566423,0,"nopqr"
"DW067","s3600005",3,5.22068560126371,0.0288723048089452,5,-7.66176987493683,1.80175874220367e-11,"hijklmno"
"DW067","s0612000",3,5.74586745579554,0.0698891590937263,5,0.595317242906641,1,"ab"
"DW067","s0602400",3,5.36810524204655,0.038324757919341,5,-5.34398831732735,1.57120533421651e-05,"efghijk"
"DW067","s0600075",3,5.75265823349881,0.115235186844215,5,0.702084151568829,0.999999999999875,"ab"
"DW067","s0602070",3,5.70749592571747,0.0573330297448825,5,-0.00797295831702,1,"abc"
"DW067","s3600070",3,5.35201763242495,0.0539437715586807,5,-5.59692316840245,2.97894483514138e-06,"efghijklm"
"DW067","s0610070",3,5.76849386944332,0.0477553970987305,5,0.951057387090859,0.99999996109637,"ab"
"DW067","s0600405",3,5.22075412397874,0.0787303544065135,5,-7.66069253758662,1.97565297455071e-11,"hijklmno"
"DW067","s0610005",3,5.74239888740458,0.0650497732365602,5,0.540783235055451,1,"ab"
"DW067","s0610400",3,5.38212363099528,0.080962944526289,5,-5.12358645499581,3.94294570020826e-05,"efghi"
"DW067","s0602005",3,5.40220194886867,0.0598150699686697,5,-4.80790833620768,0.000154882092556097,"defghi"
"DW067","s0610470",4,5.18038948761827,0.0768826123367425,5,-8.2953190313097,2.86548562655753e-13,"ijklmno"
"DW067","s3600470",4,5.06103474751791,0.0294615809294718,5,-10.1718547082987,0,"lmnopq"
"DW067","s3610400",4,4.72264077561223,0.31601293171118,5,-15.4921994271182,0,"rs"
"DW067","s0610405",4,5.11882279913321,0.195751145209497,5,-9.2632913745876,0,"ijklmnopq"
"DW067","s3602400",4,4.83892838146367,0.0768628482053307,5,-13.6638862743406,0,"qrs"
"DW067","s0612400",4,4.96887155621728,0.154584822473005,5,-11.6208756389746,0,"opqr"
"DW067","s3600405",4,4.65774369495392,0.150287207100818,5,-16.5125333249204,0,"s"
"DW067","s3610005",4,5.16121754926091,0.0235641833082988,5,-8.59674674414598,5.55444579219966e-13,"ijklmnop"
"DW067","s3602005",4,5.06836436991531,0.121705657742665,5,-10.0566159007238,0,"klmnopq"
"DW067","s3610070",4,5.35631844520518,0.117113904678884,5,-5.52930433218894,3.71449580127692e-06,"efghijkl"
"DW067","s0602405",4,5.00927451854363,0.124814155080754,5,-10.985646571426,0,"nopqr"
"DW067","s0612070",4,5.68791880948486,0.0993530126762209,5,-0.31577101503579,1,"abcd"
"DW067","s0602075",4,5.39247882887531,0.0744521834470132,5,-4.96077852421887,7.46793291859227e-05,"defghi"
"DW067","s0600475",4,5.40784734756759,0.0976375847798402,5,-4.71914946445733,0.000208350141921221,"cdefghi"
"DW067","s3612000",4,5.22298088774963,0.193889229415123,5,-7.6256826028594,1.09079412169422e-11,"hijklmno"
"DW067","s0610075",4,5.78306237766157,0.156655813096513,5,1.18010841103065,0.999961964832953,"ab"
"DW067","s0602470",4,5.57766082577856,0.100353935937243,5,-2.0492844048163,0.737023292669645,"abcdefg"
"DW067","s3602070",4,5.38181778679872,0.0610274868349995,5,-5.12839504111452,3.07513949333593e-05,"efghi"
"DW067","s0612005",4,5.37682734552318,0.0763632746433649,5,-5.20685645026843,2.10351793213936e-05,"efghij"
"DW067","s3600075",4,5.3417727760727,0.044777003421124,5,-5.75799627228137,1.44833909565545e-06,"fghijklm"
"DW067","s3610470",5,5.05465650032741,0.0576074136131979,5,-10.2721356724193,0,"mnopq"
"DW067","s3610075",5,5.27473669170039,0.110882033357715,5,-6.81196031145159,2.80567158394973e-09,"hijklmn"
"DW067","s3600475",5,4.950974128508,0.0538357503226191,5,-11.9022650634294,0,"opqrs"
"DW067","s3612070",5,5.15053757462924,0.05094471945204,5,-8.76466092508928,2.30926389122033e-14,"ijklmnop"
"DW067","s3602075",5,5.19883448030359,0.0982870168385005,5,-8.00532060471417,4.54414283979077e-13,"ijklmno"
"DW067","s3612005",5,5.06843982911386,0.0262285215364363,5,-10.0554295056287,0,"klmnopq"
"DW067","s3612400",5,4.95146704531931,0.188077472999437,5,-11.8945152582568,0,"opqrs"
"DW067","s3602405",5,4.89826695518064,0.130375930084317,5,-12.7309451066255,0,"pqrs"
"DW067","s0610475",5,5.06736055634566,0.119190730126032,5,-10.0723981978903,0,"lmnopq"
"DW067","s3610405",5,4.71612075594811,0.216876590407044,5,-15.5947093861204,0,"rs"
"DW067","s3602470",5,5.08160060686442,0.153494827675433,5,-9.84851129722663,0,"jklmnopq"
"DW067","s0612405",5,5.33465566731015,0.0868736562948309,5,-5.86989386846149,5.38391508708713e-07,"fghijklm"
"DW067","s0612075",5,5.33285249667807,0.0739947871645959,5,-5.89824392829111,2.81387752087969e-06,"fghijklm"
"DW067","s0612470",5,5.50022760767753,0.121668955533161,5,-3.26671570438999,0.0551205195577424,"bcdefgh"
"DW067","s0602475",5,5.3288216280196,0.108251698244442,5,-5.96161861152973,3.12449673689486e-07,"fghijklm"
"DW067","s3612405",6,4.91361668187886,0.189300788037158,12,-15.798247773472,0,"pqrs"
"DW067","s3610475",6,4.98835330881357,0.116789458923963,5,-11.3145769216679,0,"opqr"
"DW067","s3612075",6,5.14452007059082,0.0411614338580327,5,-8.85927016310559,1.22124532708767e-15,"ijklmnop"
"DW067","s3602475",6,4.89780318077812,0.0212925132104237,5,-12.7382367249699,0,"pqrs"
"DW067","s3612470",6,5.07483501085417,0.114524046607445,5,-9.95488229077633,0,"klmnopq"
"DW067","s0612475",6,5.24551378647473,0.0504428373593927,5,-7.27141273198479,2.0723867066863e-10,"hijklmno"
"DW067","s3612475",7,4.99683363654351,0.0928392477954199,9,-13.2298290782853,0,"opqr"
"DW100","s0010000",1,5.49303844074552,0.0299086033049533,9,NA,NA,"fghijkl"
"DW100","s0010400",2,5.24215233013911,0.0343297271444156,6,-5.54247896832901,6.09909732274261e-06,"nopqrstu"
"DW100","s0610000",2,5.36896765460948,0.0397058475326642,6,-2.74092384421342,0.219568779834711,"klmnopq"
"DW100","s0010070",2,5.59626149360567,0.0777052082162794,6,2.28036377996863,0.539187855412195,"bcdefghij"
"DW100","s0012000",2,5.77560820783056,0.0740768023885338,6,6.24242205903277,7.7459599290286e-08,"ab"
"DW100","s3010000",2,5.56626901660014,0.0495612386165567,6,1.61778157241062,0.974881541898657,"cdefghijk"
"DW100","s0010005",2,5.67671094528296,0.0838656961494619,6,4.05762196639132,0.00363262886218774,"abcdefg"
"DW100","s0010470",3,5.14305772718502,0.0368171215817358,5,-7.30571179971597,1.21847865131031e-10,"rstu"
"DW100","s0010075",3,5.49824448134336,0.0735506771884745,5,0.108674080461358,1,"efghijkl"
"DW100","s0010405",3,5.16225396770116,0.0978557787562502,5,-6.90499771629626,2.76571543444959e-09,"qrstu"
"DW100","s0610400",3,5.11404763590529,0.126434046128841,5,-7.91128621556588,1.10100817352077e-12,"tu"
"DW100","s0612000",3,5.67107858080501,0.090653038817246,5,3.71651894420974,0.0127052794415592,"abcdefgh"
"DW100","s0012400",3,5.45185217460529,0.0531198524496504,5,-0.859747348549078,0.99999999917932,"hijklmn"
"DW100","s0610070",3,5.43741343316923,0.0730311571978277,5,-1.16115048190837,0.999975864409525,"ijklmno"
"DW100","s3010005",3,5.61304014696283,0.0486568215230358,5,2.50498912405415,0.362709743399733,"abcdefghij"
"DW100","s3010400",3,5.16288388248539,0.0790750069846756,5,-6.8918484892285,1.67962366237617e-09,"qrstu"
"DW100","s0610005",3,5.42163464818791,0.0717066632218417,5,-1.49052650509116,0.993040846599157,"jklmnop"
"DW100","s3010070",3,5.57451754515713,0.0708723335106799,5,1.70084473648342,0.952003355278016,"bcdefghijk"
"DW100","s3610000",3,5.47788730056898,0.0583557172184434,5,-0.316274181056623,1,"fghijklm"
"DW100","s0012005",3,5.8278652828393,0.0414981385806251,5,6.98938060403482,8.74323280442013e-10,"a"
"DW100","s0012070",3,5.79830129263612,0.0367061555676999,5,6.37224376275941,5.94110507456946e-08,"ab"
"DW100","s3012000",3,5.75956241067991,0.0760473590911689,5,5.56358461084204,4.63657492222325e-06,"abc"
"DW100","s0010475",4,5.21316080666693,0.0132582957923515,5,-5.84233717613432,8.91643917699803e-07,"opqrstu"
"DW100","s3610005",4,5.5070164397691,0.0279002573886163,5,0.291785314007725,1,"defghijkl"
"DW100","s0610470",4,5.07444582167636,0.0738224625141427,5,-8.73795874434347,3.5527136788005e-15,"u"
"DW100","s3010075",4,5.50896213142871,0.026902435917154,5,0.33240087356723,1,"defghijkl"
"DW100","s3012070",4,5.81766164500538,0.0260895617712272,5,6.77638361752968,4.46449954782935e-09,"a"
"DW100","s3610400",4,5.13254683672275,0.196248772800017,5,-7.52512256579633,1.92358351469579e-11,"stu"
"DW100","s0610075",4,5.55686636699659,0.112748125975816,5,1.33238323112106,0.99923030865701,"cdefghijkl"
"DW100","s3610070",4,5.52145493884696,0.0793726403410571,5,0.593183388233624,1,"defghijkl"
"DW100","s0610405",4,5.08300758164017,0.136894903003251,5,-8.55923532225081,1.24344978758018e-14,"u"
"DW100","s0012075",4,5.76422081638654,0.0891152513937093,5,5.66082702512399,1.65369045412866e-06,"abc"
"DW100","s3012005",4,5.71392419478683,0.0877422641245953,5,4.61090453605722,0.000394289731704411,"abcde"
"DW100","s0012405",4,5.41841058828612,0.106785747455758,5,-1.5578275064174,0.985627003636194,"jklmnop"
"DW100","s3612000",4,5.72528353414452,0.0611129924168755,5,4.84802634410832,0.000113510708149023,"abcd"
"DW100","s0612070",4,5.69198722124513,0.0661533647247228,5,4.15297871259336,0.00248251089738771,"abcdef"
"DW100","s3012400",4,5.28560193655587,0.0924141067358102,5,-4.3301566561559,0.00123173633499363,"mnopqrstu"
"DW100","s3010470",4,5.12926304767613,0.0877437812143226,5,-7.59367038987974,1.07138742322377e-11,"stu"
"DW100","s0612005",4,5.67537623263191,0.0237445310892558,5,3.80623076102225,0.00931630939281813,"abcdefgh"
"DW100","s0012470",4,5.36791822062856,0.0621942787692807,5,-2.61183611860237,0.291868147927974,"klmnopqr"
"DW100","s3010405",4,5.3367050873897,0.0560015068179993,5,-3.2633981818068,0.0553300472074373,"lmnopqrst"
"DW100","s0612400",4,5.51507200966577,0.0721649896450943,5,0.45994221456612,1,"defghijkl"
"DW100","s3010475",5,5.12386238761643,0.039954800613763,5,-7.70640707620454,2.70072852970316e-12,"stu"
"DW100","s0612075",5,5.68304495761963,0.0422491077272859,5,3.9663124239846,0.00506388581068262,"abcdefg"
"DW100","s3612005",5,5.68702844826877,0.0722112471940987,5,4.04946624792943,0.00368157902479282,"abcdef"
"DW100","s0612470",5,5.405639906774,0.0803791145087251,5,-1.82441053513448,0.896770323155868,"jklmnop"
"DW100","s3612400",5,5.48617975130049,0.113059491934666,5,-0.143172484847661,1,"fghijklm"
"DW100","s3610075",5,5.51494972661182,0.0645642851623348,5,0.457389603192094,1,"defghijkl"
"DW100","s0012475",5,5.40830416764582,0.0829253250687332,5,-1.76879512167141,0.92444123493984,"jklmnop"
"DW100","s3012405",5,5.45882059206615,0.218319331589828,5,-0.714284333884024,0.999999999999719,"ghijklm"
"DW100","s0612405",5,5.47415049451933,0.0972887221855066,5,-0.394278559562101,1,"fghijklm"
"DW100","s3012075",5,5.54124554448284,0.13607564018338,5,1.00630461324812,0.999999717675343,"cdefghijkl"
"DW100","s3610405",5,5.20783656857328,0.135673384982295,5,-5.95347858352656,5.55586123773821e-07,"pqrstu"
"DW100","s3610470",5,5.21973734064761,0.101797043771903,5,-5.70505457728741,2.21231833641422e-06,"opqrstu"
"DW100","s0610475",5,5.21943022114447,0.168148705335392,5,-5.71146557792561,1.48644321229519e-06,"opqrstu"
"DW100","s3012470",5,5.37737863663034,0.0855850063286714,5,-2.41435359989076,0.429627633888973,"klmnopq"
"DW100","s3612070",5,5.58142585749388,0.0835325790505841,5,1.84505307996975,0.884653336643992,"bcdefghijk"
"DW100","s3612405",6,5.42895789028956,0.0916554761326049,12,-1.69201671361261,0.954923472612666,"jklmnop"
"DW100","s3612075",6,5.64081163245528,0.0454207588434873,5,3.0847081239778,0.0925791262904889,"abcdefghi"
"DW100","s3610475",6,5.22975630897994,0.129364966427327,5,-5.49591249507997,9.05297008246819e-06,"nopqrstu"
"DW100","s0612475",6,5.43348356382069,0.0484765251229297,5,-1.24318498197817,0.999850873263229,"ijklmnop"
"DW100","s3612470",6,5.37961610106345,0.0179022256586914,5,-2.36764739672858,0.46687333299601,"klmnopq"
"DW100","s3012475",6,5.34505352177159,0.0467889617405555,5,-3.08912784858633,0.0914273662517321,"lmnopqrs"
"DW100","s3612475",7,5.28853004430777,0.0966822822770545,9,-5.05118860540631,4.90071661590763e-05,"mnopqrst"
"DW102","s0002000",1,6.14072171906743,0.0896621899864024,9,NA,NA,"ijk"
"DW102","s0002005",2,6.45130768020555,0.0918852119901979,6,6.34242025746085,2.91421313747264e-08,"abcd"
"DW102","s0002070",2,6.29558168132923,0.0553269995935957,6,3.16236753947184,0.0742769233381896,"bcdefghij"
"DW102","s3002000",2,6.50471806959943,0.122124842527119,6,7.43310424848616,7.99499355608191e-11,"ab"
"DW102","s0012000",2,6.04182102536886,0.0822491223392564,6,-2.01963334367102,0.761516192373534,"k"
"DW102","s0602000",2,6.24865549284006,0.0880777504637724,6,2.20409625319587,0.605270630737896,"defghijk"
"DW102","s0002400",2,6.28060849718306,0.124506461620518,6,2.85660282911797,0.16673767872011,"cdefghij"
"DW102","s0012400",3,6.12971729658228,0.183886017467519,5,-0.212339816964197,1,"ijk"
"DW102","s3602000",3,6.44590023470842,0.103567812361564,5,5.88868250379367,7.2632062153577e-07,"abcd"
"DW102","s3002070",3,6.422653610959,0.102303187255909,5,5.4401188614353,6.7494016577907e-06,"abcdef"
"DW102","s0002405",3,6.48649041130515,0.0634248962318041,5,6.67190494738219,3.5384263297189e-09,"abc"
"DW102","s3002400",3,6.29528623812577,0.0410534169169405,5,2.98245562003094,0.121296731042678,"bcdefghij"
"DW102","s0602400",3,6.29163793162201,0.136973698195395,5,2.91205840143232,0.145487043593744,"cdefghij"
"DW102","s0602070",3,6.35826639766956,0.136711559735508,5,4.19771208332635,0.00208747525114406,"abcdefgh"
"DW102","s0002075",3,6.50028767216833,0.0360683279104129,5,6.93813498809987,6.49859388524021e-10,"abc"
"DW102","s0002470",3,6.43789403517829,0.122186279896371,5,5.73419598302439,1.37794559584847e-06,"abcde"
"DW102","s0612000",3,6.09355025391214,0.143762709286932,5,-0.91021407897864,0.999999992426411,"jk"
"DW102","s3012000",3,6.12884162051848,0.138818335506763,5,-0.229236741392488,1,"ijk"
"DW102","s0012070",3,6.24517109132344,0.0468504097352141,5,2.01544066640579,0.765041018920577,"defghijk"
"DW102","s0602005",3,6.39174595738765,0.133631788427476,5,4.84372904534145,0.000147911432317738,"abcdefgh"
"DW102","s0012005",3,6.17668529439599,0.093361457694676,5,0.693948184282863,0.999999999999927,"ghijk"
"DW102","s3002005",3,6.48489941228832,0.0450980100644436,5,6.64120525001232,4.37946223730279e-09,"abc"
"DW102","s0612400",4,6.12720926467538,0.153602293877973,5,-0.260734454372043,1,"ijk"
"DW102","s3002075",4,6.5466377156805,0.0307046510680728,5,7.8324990284614,1.43600686897116e-11,"a"
"DW102","s3002470",4,6.41296020912211,0.0759040599382797,5,5.25307631789552,1.45455386362237e-05,"abcdefg"
"DW102","s3012400",4,6.27097762196828,0.0388399892594579,5,2.51339991878859,0.355734479324706,"cdefghijk"
"DW102","s3612000",4,6.20722445715505,0.0995113037845596,5,1.28322765253786,0.999676256486568,"efghijk"
"DW102","s3602070",4,6.47618226755653,0.0306010855584253,5,6.47300042878722,1.83968845712812e-08,"abcd"
"DW102","s3012005",4,6.33570339381728,0.0656638923488838,5,3.76233947612014,0.0109634036858191,"abcdefghij"
"DW102","s0602405",4,6.30059683048812,0.121093245531454,5,3.08492807705589,0.0925066191262722,"bcdefghij"
"DW102","s0012075",4,6.22332291046236,0.124859868649951,5,1.5938611849468,0.979732572050864,"efghijk"
"DW102","s0012470",4,6.35111737776053,0.0496423216342081,5,4.05976558218043,0.00344726656023797,"abcdefghi"
"DW102","s3002405",4,6.4990096513155,0.10405476779005,5,6.91347447417179,1.81669712606691e-09,"abc"
"DW102","s0612070",4,6.30339636138103,0.0575541640157826,5,3.13894743865229,0.0793127857939827,"abcdefghij"
"DW102","s0012405",4,6.30449640273149,0.052893187337723,5,3.16017368467535,0.0745644647436051,"abcdefghij"
"DW102","s0612005",4,6.14031310536568,0.0601551452294763,5,-0.00788455357421328,1,"ijk"
"DW102","s3602400",4,6.270243056256,0.0639098855920753,5,2.49922584022121,0.366893434643033,"cdefghijk"
"DW102","s3012070",4,6.37853020694117,0.133829400312699,5,4.58871974933895,0.00039241494474207,"abcdefgh"
"DW102","s0602075",4,6.43187746414742,0.0533886065963962,5,5.61810105908143,2.95541109773811e-06,"abcde"
"DW102","s0002475",4,6.44890588407322,0.0536977420428512,5,5.94667909896641,3.60419243006227e-07,"abcd"
"DW102","s0602470",4,6.39433206808808,0.102396393948004,5,4.89363028036944,0.000106231249281441,"abcdefgh"
"DW102","s3602005",4,6.3539449759361,0.0346060565560189,5,4.11432652618822,0.00286916826523953,"abcdefghi"
"DW102","s0012475",5,6.34203975075921,0.0767464306228737,5,3.88460494485203,0.00683512180017232,"abcdefghi"
"DW102","s3602405",5,6.38263503341516,0.0780015721921412,5,4.66792591425438,0.000320498078735687,"abcdefgh"
"DW102","s0612405",5,6.18034018104568,0.050065394444262,5,0.76447237246877,0.999999999993982,"fghijk"
"DW102","s3612070",5,6.15924604267138,0.136505928086552,5,0.357442790728906,1,"hijk"
"DW102","s3002475",5,6.41586404293824,0.0728138345365707,5,5.30910829429815,1.18371703053954e-05,"abcdefg"
"DW102","s3012405",5,6.33242912089029,0.0624323910307019,5,3.6991595577786,0.0135182808350532,"abcdefghij"
"DW102","s3612400",5,6.21849533376685,0.0319690603246485,5,1.50070893154235,0.992147624412599,"efghijk"
"DW102","s3012075",5,6.28538394325005,0.0081114101135796,5,2.79138230525451,0.195720119262579,"cdefghij"
"DW102","s3612005",5,6.13246340011924,0.0748807113390406,5,-0.159351382251663,1,"ijk"
"DW102","s3602470",5,6.28445826716308,0.0847897232574652,5,2.77352058728239,0.203914143659472,"cdefghij"
"DW102","s0612075",5,6.35899448172212,0.0361337997246912,5,4.2117610926827,0.00209559308460838,"abcdefgh"
"DW102","s3012470",5,6.28482153381037,0.0875608479889105,5,2.78053013035465,0.200849168838283,"cdefghij"
"DW102","s3602075",5,6.39429475474182,0.0805470710120231,5,4.89291028719149,0.000104736693545049,"abcdefgh"
"DW102","s0612470",5,6.32667185468409,0.0279283542587524,5,3.58806814393199,0.0200198592051558,"abcdefghij"
"DW102","s0602475",5,6.43180190560996,0.115514169382496,5,5.6166430919746,2.6960000590881e-06,"abcde"
"DW102","s0612475",6,6.34064789198033,0.0430542443507029,5,3.85774783001968,0.00761981749982132,"abcdefghi"
"DW102","s3612470",6,6.26448489562738,0.0770196544155931,5,2.38811716772317,0.450014198221974,"cdefghijk"
"DW102","s3612075",6,6.31200976467741,0.138552623355272,5,3.30515047946265,0.048835713612565,"abcdefghij"
"DW102","s3012475",6,6.369546526231,0.095059843185257,5,4.41537188667382,0.000861971099379577,"abcdefgh"
"DW102","s3612405",6,6.23662093043944,0.125822846000024,12,2.34066472500067,0.489059990611426,"efghijk"
"DW102","s3602475",6,6.4191409317697,0.112658692555652,5,5.3723386887712,9.03862962564617e-06,"abcdefg"
"DW102","s3612475",7,6.29388132325117,0.06475215204851,9,3.49681322674919,0.0267966762514332,"cdefghij"
"DW145","s0000400",1,6.22801896624783,0.0328973338109999,9,NA,NA,"abcdefg"
"DW145","s0010400",2,6.30941119109562,0.0838465068616109,6,1.57551535834157,0.982909198430154,"abcd"
"DW145","s0000405",2,6.26414083538122,0.0559507757291632,6,0.699213711114225,0.999999999999898,"abcde"
"DW145","s0600400",2,6.07022341198298,0.111237115211952,6,-3.05446029626524,0.10025459301413,"efghijklmn"
"DW145","s3000400",2,6.40241672420345,0.0386868556948075,6,3.37583038961324,0.0386826169240603,"a"
"DW145","s0000470",2,6.37705171498401,0.0964959031270267,6,2.88483801700702,0.155885451800886,"abc"
"DW145","s0002400",2,6.14566364843223,0.116602231370816,6,-1.59415802064888,0.979750921881693,"bcdefghijk"
"DW145","s0002405",3,5.95333542472083,0.0528577242620217,5,-5.02415868518441,6.03771616738413e-05,"hijklmnop"
"DW145","s0000475",3,6.35005202982828,0.0854394023757839,5,2.23207212510446,0.580623849459205,"abc"
"DW145","s3002400",3,5.78941880695744,0.0732211153482779,5,-8.02231101059778,3.63420404880799e-12,"op"
"DW145","s0600405",3,6.091342519226,0.0760823676769075,5,-2.49991009489495,0.365617593885118,"defghijklm"
"DW145","s0010470",3,6.3892737523968,0.116263051964022,5,2.94946551895342,0.132198160169222,"ab"
"DW145","s0002470",3,5.8286417173691,0.105133637229197,5,-7.30489589024711,1.08852038493978e-10,"nop"
"DW145","s0600470",3,6.17340796463291,0.141641169880006,5,-0.998874328417862,0.99999978093583,"abcdefghijk"
"DW145","s3010400",3,6.29032268336,0.107562754573402,5,1.13957960388975,0.999985812595612,"abcde"
"DW145","s3600400",3,6.21964481797613,0.0445367398473681,5,-0.15316916891486,1,"abcdefg"
"DW145","s0602400",3,5.9222645191264,0.123875677116664,5,-5.59246779948727,2.79027846139535e-06,"klmnop"
"DW145","s3000405",3,6.27178127509513,0.0529813631969353,5,0.800443968563191,0.999999999956264,"abcde"
"DW145","s3000470",3,6.24284843305043,0.0957229560745864,5,0.271241567728339,1,"abcdef"
"DW145","s0610400",3,6.23368829099001,0.081792040379827,5,0.103696009539585,1,"abcdefg"
"DW145","s0012400",3,5.82726295025297,0.119124583251031,5,-7.33011452818527,4.91848783923388e-11,"nop"
"DW145","s0010405",3,6.21963688130846,0.147015629893085,5,-0.153314336250148,1,"abcdefg"
"DW145","s0012470",4,5.97873976245775,0.0533352385038803,5,-4.55949515502605,0.000412047856803377,"ghijklmnop"
"DW145","s3002470",4,5.87610028245184,0.105368985370894,5,-6.43684474811703,2.71430726783706e-08,"mnop"
"DW145","s3602400",4,5.74609518496293,0.176376138784664,5,-8.81473108246423,7.43849426498855e-15,"p"
"DW145","s3010405",4,6.15955198490188,0.0989148174174256,5,-1.25231012045836,0.99982020088483,"abcdefghijk"
"DW145","s3610400",4,6.20056611766688,0.128633519582115,5,-0.502132260506993,1,"abcdefgh"
"DW145","s0610405",4,6.17223992798025,0.108074263776277,5,-1.02023855526763,0.99999955372713,"abcdefghijk"
"DW145","s3000475",4,6.19854898712749,0.196924709798148,5,-0.539027022611375,1,"abcdefgh"
"DW145","s3010470",4,6.15665228027375,0.054655540765676,5,-1.30534779468852,0.999516957219613,"abcdefghijk"
"DW145","s0010475",4,6.4049249456926,0.0858423739020052,5,3.23573705270985,0.0599365768158124,"a"
"DW145","s3600470",4,6.26368457535932,0.0808072715386258,5,0.652349532060658,0.999999999999996,"abcde"
"DW145","s0012405",4,5.84052981548642,0.107351874566125,5,-7.08745406219123,3.1376123921234e-10,"mnop"
"DW145","s0612400",4,6.03748539318607,0.149326029610653,5,-3.4849954991692,0.0280218950801975,"efghijklmno"
"DW145","s3002405",4,5.82154186244996,0.108779276790805,5,-7.43475732117687,2.78266298892049e-11,"op"
"DW145","s0602405",4,5.76557936903831,0.0429350993873428,5,-8.45835140240824,1.03139718987677e-13,"p"
"DW145","s0002475",4,5.93811201901711,0.0907830754779692,5,-5.3026056775278,1.22738046552939e-05,"ijklmnop"
"DW145","s0610470",4,6.36098353881042,0.107780035156269,5,2.43201725283013,0.415591762446273,"abc"
"DW145","s3012400",4,5.81907953321767,0.0495476831492428,5,-7.47979508619698,5.16043874299044e-11,"op"
"DW145","s0602470",4,5.84893682438164,0.0823325421370584,5,-6.93368384893962,1.3134044962726e-09,"mnop"
"DW145","s0600475",4,5.97999581358183,0.102617816518385,5,-4.5365210804638,0.000506303400795161,"ghijklmnop"
"DW145","s3600405",4,6.17999243014512,0.105368629172653,5,-0.878439738829493,0.999999998095863,"abcdefghij"
"DW145","s3612400",5,5.8301531920856,0.0706483074455629,5,-7.27724993526144,2.48230502819524e-09,"nop"
"DW145","s3002475",5,5.78704181340846,0.134174404323198,5,-8.06578792485818,1.5709655798446e-12,"op"
"DW145","s3602405",5,5.78559611908221,0.0935540809770548,5,-8.09223070939847,3.23630011678233e-13,"op"
"DW145","s0612470",5,5.89895473691055,0.0894689205182912,5,-6.01882040917931,4.24816796962268e-07,"lmnop"
"DW145","s3012470",5,5.82515793896403,0.0204678588625796,5,-7.36861669213348,1.05464637023545e-10,"nop"
"DW145","s3010475",5,6.13116496311768,0.0540890086417267,5,-1.77152907784748,0.923471126299712,"cdefghijkl"
"DW145","s3602470",5,5.89734474485237,0.016415479262484,5,-6.04826831689615,2.30853613780724e-07,"lmnop"
"DW145","s0602475",5,5.86257274771842,0.0836982395053113,5,-6.68427304594013,4.29993451955824e-09,"mnop"
"DW145","s3012405",5,5.89313400818571,0.175141883717201,5,-6.12528570598765,1.85433362775989e-07,"lmnop"
"DW145","s0012475",5,5.92470682031827,0.0994898095943212,5,-5.54779636166908,3.72170204943068e-06,"jklmnop"
"DW145","s3600475",5,6.36486646588251,0.048445474409195,5,2.50303876968088,0.36326837191739,"abc"
"DW145","s0612405",5,5.91486298321473,0.166822660597967,5,-5.72784719181473,2.03529137454694e-06,"lmnop"
"DW145","s0610475",5,6.04192734376915,0.0482850290361928,5,-3.40374904196579,0.0360589903275292,"efghijklmno"
"DW145","s3610470",5,6.1833396934312,0.061758454873349,5,-0.817215896232771,0.999999999897002,"abcdefghi"
"DW145","s3610405",5,6.21345141980536,0.105439407023614,5,-0.266450856770924,1,"abcdefg"
"DW145","s3602475",6,5.84015203925904,0.100676173092505,5,-7.09436385992916,4.17867296320651e-10,"mnop"
"DW145","s3610475",6,6.21539510852597,0.0537296989785701,5,-0.230899398126449,1,"abcdefg"
"DW145","s3612470",6,5.81370340414468,0.0791395844988101,5,-7.57812833697912,4.3667847116069e-11,"op"
"DW145","s3012475",6,5.98574474471986,0.0388179740691606,5,-4.43136901293511,0.000832057612404236,"fghijklmnop"
"DW145","s0612475",6,5.9194188113603,0.103902013983517,5,-5.64451783244177,2.5297922370271e-06,"lmnop"
"DW145","s3612405",6,5.88260903661899,0.109912946703622,12,-7.99144876217225,9.20374887414255e-13,"mnop"
"DW145","s3612475",7,5.9219989359962,0.0869286602659976,9,-6.62284485206786,9.77577330196766e-09,"lmnop"
"DW147","s0000070",1,5.848552168402,0.0683760689571922,6,NA,NA,"abcdefghi"
"DW147","s0000470",2,5.54128213201189,0.0645884202288447,6,-3.96050746673974,0.00475321421277208,"hijklmnopq"
"DW147","s0000075",2,5.61123274176694,0.226871105072273,6,-3.05889038916007,0.0836870158700844,"efghijklmnop"
"DW147","s3000070",2,5.5866555997169,0.125347004728801,6,-3.37567348895016,0.0340084141539624,"fghijklmnop"
"DW147","s0002070",2,5.95020512786742,0.108268354149271,6,1.31023938978491,0.997561964300469,"abcd"
"DW147","s0010070",2,6.14270104988776,0.0856855732375975,6,3.7913844615113,0.00879461335406762,"a"
"DW147","s0600070",2,5.98025045099478,0.0578933744380415,6,1.69750372569125,0.905338539382887,"abc"
"DW147","s3000075",3,5.32087356126735,0.0524615380684042,5,-6.48490725859728,2.6093036176178e-08,"mnopqrs"
"DW147","s3000470",3,5.32027955672156,0.199981223905917,5,-6.4922072786067,1.83935147113345e-08,"mnopqrs"
"DW147","s3002070",3,5.46442794056028,0.176055975374988,5,-4.72069543781645,0.000213694493918393,"klmnopq"
"DW147","s3600070",3,5.54943150051265,0.180796313471728,5,-3.67604402407991,0.0132029626587516,"ghijklmnopq"
"DW147","s0010075",3,5.85264779265488,0.0809872965084543,5,0.0503331821431055,1,"abcdefghi"
"DW147","s0002470",3,5.84524999237696,0.0528655701502466,5,-0.0405820986191978,1,"abcdefghi"
"DW147","s0002075",3,5.62072706020186,0.0954846656558845,5,-2.79985710597661,0.159773537280024,"defghijklmnop"
"DW147","s0010470",3,5.59519047702405,0.0737148814159023,5,-3.11368899411927,0.0718624827378409,"efghijklmnop"
"DW147","s0012070",3,6.08080043300656,0.136451637341151,5,2.85421549512693,0.140743651305969,"ab"
"DW147","s0600470",3,5.6002967615169,0.0762271705714937,5,-3.05093530101066,0.0855198402424933,"efghijklmnop"
"DW147","s0000475",3,5.52789265328527,0.167557745547458,5,-3.94074572856078,0.00495134655873097,"hijklmnopq"
"DW147","s0602070",3,5.89866944377877,0.0644827849670059,5,0.615916352259818,0.99999999999999,"abcdefg"
"DW147","s3010070",3,5.55021911315439,0.169859091825362,5,-3.6663646570024,0.0134981736442648,"ghijklmnopq"
"DW147","s0600075",3,5.93442994242454,0.0940419200363018,5,1.05539506923534,0.999986467305481,"abcde"
"DW147","s0610070",3,5.88613253513018,0.160808492361857,5,0.461843989279019,1,"abcdefg"
"DW147","s3010075",4,5.32342932653731,0.0780832194252532,5,-6.45349817639022,3.33016566544941e-08,"mnopqrs"
"DW147","s3010470",4,5.28655949623844,0.0934555792085828,5,-6.90661002685297,1.37541500411231e-09,"pqrs"
"DW147","s3600470",4,5.50897443465299,0.126410678910387,5,-4.17324121287538,0.00214954964124014,"ijklmnopq"
"DW147","s3602070",4,5.55292856376802,0.143093506397384,5,-3.63306685846824,0.0148511838125841,"ghijklmnopq"
"DW147","s3002470",4,5.37338105309776,0.309386431037205,5,-5.83961633662734,8.24280915634468e-07,"mnopqrs"
"DW147","s3002075",4,5.42762314886445,0.10575343775175,5,-5.17300799624188,3.98994428022492e-05,"klmnopqr"
"DW147","s3610070",4,5.06142185748569,0.440921394521541,5,-9.67343947188023,0,"s"
"DW147","s0010475",4,5.67244982092656,0.0558080228470456,5,-2.16421013844153,0.547922381984146,"cdefghijklm"
"DW147","s3000475",4,5.28804950715273,0.0849638106531285,5,-6.88829853485225,6.68364030786961e-10,"opqrs"
"DW147","s0012075",4,5.92136349230047,0.0351777520837554,5,0.894814905271888,0.999999933279193,"abcdef"
"DW147","s0610075",4,5.87421712144116,0.104354491101343,5,0.315409489800814,1,"abcdefgh"
"DW147","s0012470",4,6.16612410106144,0.0734706710169519,5,3.90280087800571,0.00603179777056762,"a"
"DW147","s0602075",4,5.77873199699175,0.150543904959715,5,-0.858055131007622,0.999999985316967,"bcdefghijk"
"DW147","s3600075",4,5.39120282440693,0.123041909034501,5,-5.62059564380169,2.08538377766132e-06,"lmnopqrs"
"DW147","s0602470",4,6.03069807978996,0.120845559258399,5,2.23848252878317,0.487277529757619,"ab"
"DW147","s0612070",4,6.06311557573744,0.0770079556880412,5,2.63687740766014,0.230967049269064,"ab"
"DW147","s0600475",4,5.63730994588544,0.123754278407326,5,-2.59606170043259,0.251512945885046,"defghijklmnop"
"DW147","s0002475",4,5.64118713597748,0.131981780535185,5,-2.54841296532968,0.277603578173672,"defghijklmno"
"DW147","s0610470",4,5.65108353871218,0.113257654635889,5,-2.42679110486288,0.350973843588083,"cdefghijklmn"
"DW147","s3012070",4,5.76082820257696,0.15221027011237,5,-1.0780838469478,0.999975165540581,"bcdefghijk"
"DW147","s3002475",5,5.3651778392619,0.141884914664666,5,-5.94042974886101,8.56296864637507e-07,"mnopqrs"
"DW147","s3012075",5,5.30735205478133,0.110191786079025,5,-6.65107983859724,2.41823516766715e-09,"nopqrs"
"DW147","s0612075",5,5.88279790096817,0.0619577573946766,5,0.420862996323178,1,"abcdefg"
"DW147","s3600475",5,5.22039875297316,0.118666429093129,5,-7.71969260862549,8.46911429874808e-12,"qrs"
"DW147","s3010475",5,5.10957407040081,0.0779059251624536,5,-9.08167275852724,2.22044604925031e-16,"rs"
"DW147","s3612070",5,5.38512023276896,0.0229331420734018,5,-5.69534766545045,2.30586440275182e-06,"lmnopqrs"
"DW147","s0602475",5,5.82608147106575,0.207391481697645,5,-0.276153678188501,1,"abcdefghij"
"DW147","s3602075",5,5.39741706307537,0.129461813932894,5,-5.54422574571832,5.04274369861335e-06,"lmnopqrs"
"DW147","s3602470",5,5.47181735484905,0.143409991458875,5,-4.62988321668382,0.000296252793179907,"klmnopq"
"DW147","s3610470",5,5.34893028548185,0.0520602721746797,5,-6.14010409233086,9.29958851036972e-08,"mnopqrs"
"DW147","s3012470",5,5.45559270972759,0.167199365869753,5,-4.82927602414991,0.000174017140895932,"klmnopqr"
"DW147","s3610075",5,5.46241412030525,0.0888929568336147,5,-4.74544428571881,0.000192166286316575,"klmnopqr"
"DW147","s0610475",5,5.45060762610334,0.22497449201797,5,-4.89054021895052,9.85375820989898e-05,"klmnopqr"
"DW147","s0612470",5,6.15673467735422,0.0639850125233891,5,3.78740953727341,0.00876562141751136,"a"
"DW147","s0012475",5,5.76895499469451,0.115420234172805,5,-0.978209619568402,0.999998645162872,"bcdefghijk"
"DW147","s3610475",6,5.30021304914291,0.180467216478985,5,-6.73881466213915,6.17345230491395e-09,"nopqrs"
"DW147","s3612075",6,5.32799933606524,0.0856578106258423,5,-6.39733503549569,2.45751111682679e-08,"mnopqrs"
"DW147","s3012475",6,5.3381731614291,0.118814575756257,5,-6.27230378909346,8.69242887668875e-08,"mnopqrs"
"DW147","s3612470",6,5.48571449960624,0.0919683003378469,5,-4.45909422942695,0.000677751603275212,"jklmnopq"
"DW147","s3602475",6,5.28947229930772,0.087315424393709,5,-6.87081312792349,1.02682218283690e-09,"opqrs"
"DW147","s0612475",6,5.72812865467058,0.0649605320532246,5,-1.47994500391684,0.981152503932015,"bcdefghijkl"
"DW147","s3612475",7,5.36688256783102,0.0555037551532983,9,-6.80096414594917,2.27870500246752e-09,"mnopqrs"
"DW155","s0000005",1,6.13622344194683,0.0562819409959308,9,NA,NA,"a"
"DW155","s0002005",2,5.79856695133396,0.137612634916644,6,-4.2145863817901,0.00185521709300429,"abcd"
"DW155","s0000075",2,5.5895162366024,0.270164252246609,6,-6.82393144076407,3.11700976141083e-09,"cdefghijk"
"DW155","s3000005",2,4.90724024831312,0.0565003413897795,6,-15.3400155937659,0,"qrstu"
"DW155","s0000405",2,5.70838479036783,0.072970988436734,6,-5.34022891511867,1.29745179487939e-05,"bcdefgh"
"DW155","s0600005",2,6.17874898615272,0.0927527756870415,6,0.530798561470079,1,"a"
"DW155","s0010005",2,6.06257409857935,0.144220071503324,6,-0.919281957296145,0.999999989068388,"ab"
"DW155","s3000405",3,5.1679829108908,0.184733981802833,5,-11.4196844681997,0,"lmnopqrs"
"DW155","s0610005",3,6.18055417197256,0.0681407333602548,5,0.522848334583493,1,"a"
"DW155","s0002075",3,5.40891368749258,0.134002153315424,5,-8.57808327591145,3.26405569239796e-14,"defghijklmno"
"DW155","s0002405",3,5.69621389662765,0.107970841949104,5,-5.18958875338621,2.57095871430968e-05,"bcdefgh"
"DW155","s0012005",3,5.73492764804964,0.0391525954105238,5,-4.73298854750845,0.000224548100514088,"bcdefg"
"DW155","s0000475",3,5.60986475563808,0.192768518015136,5,-6.20801332101442,6.20372450077511e-08,"cdefghijk"
"DW155","s3010005",3,5.11229671135962,0.13070008973691,5,-12.0764622083194,0,"mnopqrst"
"DW155","s0600075",3,5.74701081020799,0.055349658734086,5,-4.59047654269074,0.000377889697452338,"bcdef"
"DW155","s3002005",3,5.25262663162812,0.207263664487564,5,-10.4213740773091,0,"jklmnopqr"
"DW155","s0010405",3,5.63409424149966,0.114983042275857,5,-5.92224436744219,3.72566465456359e-07,"cdefghij"
"DW155","s3600005",3,5.26788678970314,0.209775089740315,5,-10.2413917438269,0,"ijklmnopq"
"DW155","s0602005",3,5.74459150065439,0.0856803886316855,5,-4.61901051833707,0.000345605985154318,"bcdef"
"DW155","s0600405",3,5.54297458398031,0.122936574824716,5,-6.99693366658427,5.1434896342073e-09,"cdefghijkl"
"DW155","s3000075",3,5.11914278998438,0.0834827297198122,5,-11.9957177494461,0,"mnopqrst"
"DW155","s0010075",3,5.34992258972524,0.0579131704283137,5,-9.27383985842208,0,"fghijklmno"
"DW155","s3012005",4,4.91593557203993,0.137165557815277,5,-14.392397330764,0,"pqrstu"
"DW155","s0602405",4,5.6580741059497,0.142969549680831,5,-5.63941951470572,3.08751947253327e-06,"cdefghi"
"DW155","s0600475",4,5.75118814172017,0.201307932393035,5,-4.54120799189368,0.00047226353750951,"bcde"
"DW155","s3010405",4,5.20427467089242,0.0365623484426578,5,-10.991649868613,0,"lmnopqrs"
"DW155","s0610075",4,5.81992433208531,0.247519354728323,5,-3.730515214284,0.0120378008380678,"abc"
"DW155","s3602005",4,5.18484975125271,0.0906929066063476,5,-11.2207524996128,0,"lmnopqrs"
"DW155","s3610005",4,4.86175698161708,0.166482089932215,5,-15.0313939310054,0,"rstu"
"DW155","s0012075",4,5.52217814022705,0.141930136060453,5,-7.24221241510345,1.81182513436795e-10,"cdefghijkl"
"DW155","s0602075",4,5.59640034008766,0.434304538194983,5,-6.366816193031,4.12021404772034e-08,"cdefghijk"
"DW155","s3600405",4,5.31961941926307,0.0592950330793469,5,-9.63124345181065,0,"hijklmno"
"DW155","s3000475",4,5.42987677370347,0.184236042749115,5,-8.3308391022484,1.4255263636187e-13,"cdefghijklmn"
"DW155","s3600075",4,5.09501314327215,0.125941032003489,5,-12.2803091737302,0,"nopqrstu"
"DW155","s3002405",4,5.3436543417684,0.191642779844335,5,-9.3477692298329,0,"ghijklmno"
"DW155","s0002475",4,5.71186501405643,0.157626252048781,5,-5.00499534206052,5.58190204461573e-05,"bcdefgh"
"DW155","s0612005",4,5.78803209301188,0.217823593950456,5,-4.10666070243635,0.0031788086602127,"abcd"
"DW155","s3010075",4,4.70171520808843,0.0982626329217841,5,-16.9189688638941,0,"u"
"DW155","s0010475",4,5.63830925155697,0.180713727908195,5,-5.87253142593581,9.43421638144315e-07,"cdefghij"
"DW155","s0012405",4,5.80068941752384,0.198266186807333,5,-3.95737687522397,0.00535263041888778,"abcd"
"DW155","s3002075",4,5.29571844887163,0.260080111641987,5,-9.91313780718985,0,"ijklmnop"
"DW155","s0610405",4,5.49627945776274,0.125321204186888,5,-7.54766831412671,1.93226545874836e-11,"cdefghijklm"
"DW155","s3610075",5,4.85600732051394,0.265241390169233,5,-15.0992069521411,0,"rstu"
"DW155","s3010475",5,5.11043322597628,0.0548211728792519,5,-12.0984406469472,0,"mnopqrst"
"DW155","s0612075",5,5.28211481545818,0.0611200125520221,5,-10.0735826514407,0,"ijklmnopq"
"DW155","s3600475",5,5.24368689190195,0.0637245408125862,5,-10.5268117280025,0,"jklmnopqr"
"DW155","s3612005",5,4.82750136883114,0.0732396734157384,5,-15.4354136727256,0,"stu"
"DW155","s3602405",5,5.36433844819058,0.0657542534986548,5,-9.10381541745694,5.55111512312578e-16,"efghijklmno"
"DW155","s3602075",5,5.45059983152863,0.0496365118023076,5,-8.0864258867414,5.17808018685173e-13,"cdefghijklmn"
"DW155","s3610405",5,5.11650175005204,0.0661217703259577,5,-12.0268668717229,0,"mnopqrst"
"DW155","s0612405",5,5.61561252945338,0.148523018744922,5,-6.1402225590499,1.21989493839791e-07,"cdefghijk"
"DW155","s3012405",5,5.29446714256707,0.192876397350694,5,-9.92789604412877,0,"ijklmnop"
"DW155","s0602475",5,5.80941303185346,0.19023588143711,5,-3.85448826452109,0.00777893820092546,"abc"
"DW155","s3012075",5,4.85571159135596,0.237622029833607,5,-15.1026948599117,0,"rstu"
"DW155","s0012475",5,5.7048763454397,0.198420207704896,5,-5.0874215449471,3.40724101197676e-05,"bcdefgh"
"DW155","s3002475",5,5.34229593262711,0.029460070846515,5,-9.36379066590652,2.22044604925031e-16,"ghijklmno"
"DW155","s0610475",5,5.45174981991332,0.212996749191204,5,-8.07286262010049,2.03870254011917e-12,"cdefghijklmn"
"DW155","s3602475",6,5.44392707242212,0.122132534449399,5,-8.16512616945476,5.73541214521356e-13,"cdefghijklmn"
"DW155","s3612075",6,4.74493203751956,0.107580944642746,5,-16.4092581670271,0,"tu"
"DW155","s0612475",6,5.69821722549182,0.126122193928828,5,-5.16596096382249,2.69026137109662e-05,"bcdefgh"
"DW155","s3012475",6,5.34367156141966,0.131353414843518,5,-9.34756613671942,1.11022302462516e-16,"ghijklmno"
"DW155","s3610475",6,5.21718244637729,0.0667211633816385,5,-10.8394121564995,0,"klmnopqrs"
"DW155","s3612405",6,5.2102810907241,0.110505935056728,12,-13.8138515852644,0,"lmnopqrs"
"DW155","s3612475",7,5.06802557433036,0.109654874547536,9,-14.9068736468883,0,"opqrstu"
